T编号,视频,分P,时间码,整理主题
T1,BV1KJsLekEfA,P5,00:26:02,01-stars/紫微（北斗 · 帝星）/定性
T2,BV1KJsLekEfA,P5,00:26:39,01-stars/紫微（北斗 · 帝星）/定性
T3,BV1KJsLekEfA,P5,00:31:02,01-stars/紫微（北斗 · 帝星）/定性
T4,BV1KJsLekEfA,P9,00:00:13,01-stars/紫微（北斗 · 帝星）/定性
T5,BV1KJsLekEfA,P9,00:00:54,01-stars/紫微（北斗 · 帝星）/定性
T6,BV1KJsLekEfA,P17,00:27:11,01-stars/紫微（北斗 · 帝星）/定性
T7,BV1KJsLekEfA,P5,00:27:10,01-stars/紫微（北斗 · 帝星）/长相
T8,BV1KJsLekEfA,P5,00:27:26,01-stars/紫微（北斗 · 帝星）/长相
T9,BV1KJsLekEfA,P5,00:27:53,01-stars/紫微（北斗 · 帝星）/性情
T10,BV1KJsLekEfA,P5,00:33:36,01-stars/紫微（北斗 · 帝星）/解厄制化
T11,BV1KJsLekEfA,P17,00:47:09,01-stars/紫微（北斗 · 帝星）/解厄制化
T12,BV1KJsLekEfA,P19,00:08:32,01-stars/紫微（北斗 · 帝星）/解厄制化
T13,BV1KJsLekEfA,P19,00:08:49,01-stars/紫微（北斗 · 帝星）/解厄制化
T14,BV1KJsLekEfA,P5,00:29:28,01-stars/紫微（北斗 · 帝星）/必需辅弼
T15,BV1KJsLekEfA,P5,00:30:19,01-stars/紫微（北斗 · 帝星）/必需辅弼
T16,BV1KJsLekEfA,P11,00:07:08,01-stars/紫微（北斗 · 帝星）/必需辅弼
T17,BV1KJsLekEfA,P11,00:08:02,01-stars/紫微（北斗 · 帝星）/必需辅弼
T18,BV1KJsLekEfA,P9,00:17:14,01-stars/紫微（北斗 · 帝星）/必需辅弼
T19,BV1KJsLekEfA,P29,00:05:00,01-stars/紫微（北斗 · 帝星）/必需辅弼
T20,BV1KJsLekEfA,P11,00:03:22,01-stars/紫微（北斗 · 帝星）/紫微在丑宫
T21,BV1KJsLekEfA,P11,00:03:44,01-stars/紫微（北斗 · 帝星）/紫微在丑宫
T22,BV1KJsLekEfA,P11,00:13:53,01-stars/紫微（北斗 · 帝星）/紫微在丑宫
T23,BV1KJsLekEfA,P11,00:25:20,01-stars/紫微（北斗 · 帝星）/紫微在丑宫
T24,BV1KJsLekEfA,P11,00:42:15,01-stars/紫微（北斗 · 帝星）/紫微在寅宫
T25,BV1KJsLekEfA,P9,00:00:24,01-stars/紫微（北斗 · 帝星）/紫微在子宫
T26,BV1KJsLekEfA,P9,00:00:35,01-stars/紫微（北斗 · 帝星）/紫微在子宫
T27,BV1KJsLekEfA,P9,00:17:07,01-stars/紫微（北斗 · 帝星）/紫微在子宫
T28,BV1KJsLekEfA,P9,00:17:33,01-stars/紫微（北斗 · 帝星）/紫微在子宫
T29,BV1KJsLekEfA,P19,00:45:16,01-stars/紫微（北斗 · 帝星）/紫微在子宫
T30,BV1KJsLekEfA,P21,00:00:00,01-stars/紫微（北斗 · 帝星）/紫微在子宫
T31,BV1KJsLekEfA,P13（留出讲）,00:00:02,01-stars/紫微（北斗 · 帝星）/紫微在卯宫
T32,BV1KJsLekEfA,P13（留出讲）,00:21:48,01-stars/紫微（北斗 · 帝星）/紫微在辰宫
T33,BV1KJsLekEfA,P13（留出讲）,00:30:21,01-stars/紫微（北斗 · 帝星）/紫微在巳宫
T34,BV1KJsLekEfA,P13（留出讲）,00:39:04,01-stars/紫微（北斗 · 帝星）/紫微在午宫
T35,BV1KJsLekEfA,P13（留出讲）,00:44:51,01-stars/紫微（北斗 · 帝星）/紫微在午宫
T36,BV1KJsLekEfA,P13（留出讲）,00:47:05,01-stars/紫微（北斗 · 帝星）/紫微在午宫
T37,BV1KJsLekEfA,P13（留出讲）,00:47:47,01-stars/紫微（北斗 · 帝星）/紫微在未宫
T38,BV1KJsLekEfA,P13（留出讲）,00:53:42,01-stars/紫微（北斗 · 帝星）/紫微在申宫
T39,BV1KJsLekEfA,P13（留出讲）,00:57:28,01-stars/紫微（北斗 · 帝星）/紫微在申宫
T40,BV1KJsLekEfA,P19,00:00:02,01-stars/紫微（北斗 · 帝星）/紫微在申宫
T41,BV1KJsLekEfA,P15,00:00:00,01-stars/紫微（北斗 · 帝星）/紫微在酉宫
T42,BV1KJsLekEfA,P15,00:04:18,01-stars/紫微（北斗 · 帝星）/紫微在戌宫
T43,BV1KJsLekEfA,P15,00:06:41,01-stars/紫微（北斗 · 帝星）/紫微在亥宫
T44,BV1KJsLekEfA,P15,00:07:14,01-stars/紫微（北斗 · 帝星）/紫微在亥宫
T45,BV1KJsLekEfA,P5,00:34:22,01-stars/天机（北斗 · 文官代）/定性
T46,BV1KJsLekEfA,P5,00:34:41,01-stars/天机（北斗 · 文官代）/定性
T47,BV1KJsLekEfA,P5,00:35:06,01-stars/天机（北斗 · 文官代）/定性
T48,BV1KJsLekEfA,P27,00:22:48,01-stars/天机（北斗 · 文官代）/定性
T49,BV1KJsLekEfA,P5,00:35:18,01-stars/天机（北斗 · 文官代）/长相
T50,BV1KJsLekEfA,P5,00:36:04,01-stars/天机（北斗 · 文官代）/解厄
T51,BV1KJsLekEfA,P5,00:36:17,01-stars/太阳（中天 · 主贵星）/定性
T52,BV1KJsLekEfA,P5,00:36:54,01-stars/太阳（中天 · 主贵星）/定性
T53,BV1KJsLekEfA,P27,00:11:05,01-stars/太阳（中天 · 主贵星）/定性
T54,BV1KJsLekEfA,P5,00:39:26,01-stars/太阳（中天 · 主贵星）/长相
T55,BV1KJsLekEfA,P5,00:38:36,01-stars/太阳（中天 · 主贵星）/入庙落陷
T56,BV1KJsLekEfA,P11,00:47:02,01-stars/太阳（中天 · 主贵星）/入庙落陷
T57,BV1KJsLekEfA,P11,00:58:56,01-stars/太阳（中天 · 主贵星）/入庙落陷
T58,BV1KJsLekEfA,P9,00:19:02,01-stars/太阳（中天 · 主贵星）/入庙落陷
T59,BV1KJsLekEfA,P13（留出讲）,00:01:43,01-stars/太阳（中天 · 主贵星）/入庙落陷
T60,BV1KJsLekEfA,P15,00:00:21,01-stars/太阳（中天 · 主贵星）/入庙落陷
T61,BV1KJsLekEfA,P15,00:03:16,01-stars/太阳（中天 · 主贵星）/入庙落陷
T62,BV1KJsLekEfA,P17,00:10:56,01-stars/太阳（中天 · 主贵星）/入庙落陷
T63,BV1KJsLekEfA,P17,00:39:29,01-stars/太阳（中天 · 主贵星）/入庙落陷
T64,BV1KJsLekEfA,P17,00:48:00,01-stars/太阳（中天 · 主贵星）/入庙落陷
T65,BV1KJsLekEfA,P19,00:03:17,01-stars/太阳（中天 · 主贵星）/入庙落陷
T66,BV1KJsLekEfA,P23（留出讲）,00:01:50,01-stars/太阳（中天 · 主贵星）/入庙落陷
T67,BV1KJsLekEfA,P29,00:04:31,01-stars/太阳（中天 · 主贵星）/入庙落陷
T68,BV1KJsLekEfA,P29,00:06:40,01-stars/太阳（中天 · 主贵星）/入庙落陷
T69,BV1KJsLekEfA,P29,00:07:14,01-stars/太阳（中天 · 主贵星）/入庙落陷
T70,BV1KJsLekEfA,P29,00:14:17,01-stars/太阳（中天 · 主贵星）/入庙落陷
T71,BV1KJsLekEfA,P29,00:14:19,01-stars/太阳（中天 · 主贵星）/入庙落陷
T72,BV1KJsLekEfA,P29,00:28:11,01-stars/太阳（中天 · 主贵星）/入庙落陷
T73,BV1KJsLekEfA,P5,00:37:18,01-stars/太阳（中天 · 主贵星）/横财 vs 正财
T74,BV1KJsLekEfA,P5,00:38:03,01-stars/太阳（中天 · 主贵星）/太阳与女命
T75,BV1KJsLekEfA,P11,00:59:20,01-stars/太阳（中天 · 主贵星）/太阳与女命
T76,BV1KJsLekEfA,P9,00:19:13,01-stars/太阳（中天 · 主贵星）/太阳与女命
T77,BV1KJsLekEfA,P9,00:36:09,01-stars/太阳（中天 · 主贵星）/太阳与女命
T78,BV1KJsLekEfA,P9,00:37:10,01-stars/太阳（中天 · 主贵星）/太阳与女命
T79,BV1KJsLekEfA,P13（留出讲）,00:42:37,01-stars/太阳（中天 · 主贵星）/太阳与女命
T80,BV1KJsLekEfA,P17,00:10:15,01-stars/太阳（中天 · 主贵星）/太阳与女命
T81,BV1KJsLekEfA,P21,00:19:15,01-stars/太阳（中天 · 主贵星）/太阳与女命
T82,BV1KJsLekEfA,P23（留出讲）,00:22:17,01-stars/太阳（中天 · 主贵星）/太阳与女命
T83,BV1KJsLekEfA,P25,00:12:01,01-stars/太阳（中天 · 主贵星）/太阳与女命
T84,BV1KJsLekEfA,P25,00:33:43,01-stars/太阳（中天 · 主贵星）/太阳与女命
T85,BV1KJsLekEfA,P29,00:04:34,01-stars/太阳（中天 · 主贵星）/太阳与女命
T86,BV1KJsLekEfA,P29,00:07:27,01-stars/太阳（中天 · 主贵星）/太阳与女命
T87,BV1KJsLekEfA,P29,00:18:31,01-stars/太阳（中天 · 主贵星）/太阳与女命
T88,BV1KJsLekEfA,P5,00:40:19,01-stars/武曲（北斗 · 财星/武官星）/定性
T89,BV1KJsLekEfA,P5,00:42:15,01-stars/武曲（北斗 · 财星/武官星）/定性
T90,BV1KJsLekEfA,P11,00:50:50,01-stars/武曲（北斗 · 财星/武官星）/定性
T91,BV1KJsLekEfA,P5,00:40:48,01-stars/武曲（北斗 · 财星/武官星）/长相
T92,BV1KJsLekEfA,P5,00:41:35,01-stars/武曲（北斗 · 财星/武官星）/武曲在职业
T93,BV1KJsLekEfA,P11,00:27:34,01-stars/武曲（北斗 · 财星/武官星）/武曲在职业
T94,BV1KJsLekEfA,P11,00:54:52,01-stars/武曲（北斗 · 财星/武官星）/武曲在职业
T95,BV1KJsLekEfA,P13（留出讲）,00:14:44,01-stars/武曲（北斗 · 财星/武官星）/武曲在职业
T96,BV1KJsLekEfA,P13（留出讲）,00:15:32,01-stars/武曲（北斗 · 财星/武官星）/武曲在职业
T97,BV1KJsLekEfA,P13（留出讲）,00:36:50,01-stars/武曲（北斗 · 财星/武官星）/武曲在职业
T98,BV1KJsLekEfA,P13（留出讲）,00:37:13,01-stars/武曲（北斗 · 财星/武官星）/武曲在职业
T99,BV1KJsLekEfA,P13（留出讲）,00:37:33,01-stars/武曲（北斗 · 财星/武官星）/武曲在职业
T100,BV1KJsLekEfA,P13（留出讲）,00:38:47,01-stars/武曲（北斗 · 财星/武官星）/武曲在职业
T101,BV1KJsLekEfA,P13（留出讲）,00:52:34,01-stars/武曲（北斗 · 财星/武官星）/武曲在职业
T102,BV1KJsLekEfA,P13（留出讲）,00:53:01,01-stars/武曲（北斗 · 财星/武官星）/武曲在职业
T103,BV1KJsLekEfA,P17,00:05:07,01-stars/武曲（北斗 · 财星/武官星）/武曲在职业
T104,BV1KJsLekEfA,P17,00:52:12,01-stars/武曲（北斗 · 财星/武官星）/武曲在职业
T105,BV1KJsLekEfA,P11,00:51:17,01-stars/武曲（北斗 · 财星/武官星）/性情
T106,BV1KJsLekEfA,P17,00:05:36,01-stars/武曲（北斗 · 财星/武官星）/性情
T107,BV1KJsLekEfA,P5,00:42:32,01-stars/天同（南斗 · 福星）/定性
T108,BV1KJsLekEfA,P5,00:42:50,01-stars/天同（南斗 · 福星）/定性
T109,BV1KJsLekEfA,P5,00:42:58,01-stars/天同（南斗 · 福星）/定性
T110,BV1KJsLekEfA,P5,00:43:06,01-stars/天同（南斗 · 福星）/定性
T111,BV1KJsLekEfA,P5,00:45:22,01-stars/天同（南斗 · 福星）/定性
T112,BV1KJsLekEfA,P15,00:22:30,01-stars/天同（南斗 · 福星）/定性
T113,BV1KJsLekEfA,P5,00:46:17,01-stars/廉贞（北斗 · 桃花/官符）/定性
T114,BV1KJsLekEfA,P5,00:47:12,01-stars/廉贞（北斗 · 桃花/官符）/定性
T115,BV1KJsLekEfA,P13（留出讲）,00:22:16,01-stars/廉贞（北斗 · 桃花/官符）/定性
T116,BV1KJsLekEfA,P23（留出讲）,00:27:27,01-stars/廉贞（北斗 · 桃花/官符）/定性
T117,BV1KJsLekEfA,P5,00:46:39,01-stars/廉贞（北斗 · 桃花/官符）/长相
T118,BV1KJsLekEfA,P5,00:47:22,01-stars/廉贞（北斗 · 桃花/官符）/长相
T119,BV1KJsLekEfA,P13（留出讲）,00:24:07,01-stars/廉贞（北斗 · 桃花/官符）/长相
T120,BV1KJsLekEfA,P5,00:46:59,01-stars/廉贞（北斗 · 桃花/官符）/性情
T121,BV1KJsLekEfA,P13（留出讲）,00:24:37,01-stars/廉贞（北斗 · 桃花/官符）/性情
T122,BV1KJsLekEfA,P11,00:09:29,01-stars/廉贞（北斗 · 桃花/官符）/与杀破狼
T123,BV1KJsLekEfA,P11,00:09:56,01-stars/廉贞（北斗 · 桃花/官符）/与杀破狼
T124,BV1KJsLekEfA,P11,00:10:03,01-stars/廉贞（北斗 · 桃花/官符）/与杀破狼
T125,BV1KJsLekEfA,P11,00:10:12,01-stars/廉贞（北斗 · 桃花/官符）/与杀破狼
T126,BV1KJsLekEfA,P11,00:10:24,01-stars/廉贞（北斗 · 桃花/官符）/与杀破狼
T127,BV1KJsLekEfA,P13（留出讲）,00:07:48,01-stars/廉贞（北斗 · 桃花/官符）/与杀破狼
T128,BV1KJsLekEfA,P13（留出讲）,00:08:14,01-stars/廉贞（北斗 · 桃花/官符）/与杀破狼
T129,BV1KJsLekEfA,P15,00:08:14,01-stars/廉贞（北斗 · 桃花/官符）/与杀破狼
T130,BV1KJsLekEfA,P17,00:00:50,01-stars/廉贞（北斗 · 桃花/官符）/与杀破狼
T131,BV1KJsLekEfA,P17,00:00:58,01-stars/廉贞（北斗 · 桃花/官符）/与杀破狼
T132,BV1KJsLekEfA,P21,00:01:56,01-stars/廉贞（北斗 · 桃花/官符）/与杀破狼
T133,BV1KJsLekEfA,P21,00:02:50,01-stars/廉贞（北斗 · 桃花/官符）/与杀破狼
T134,BV1KJsLekEfA,P27,00:03:45,01-stars/廉贞（北斗 · 桃花/官符）/与杀破狼
T135,BV1KJsLekEfA,P25,00:32:01,01-stars/廉贞（北斗 · 桃花/官符）/与杀破狼
T136,BV1KJsLekEfA,P25,00:36:34,01-stars/廉贞（北斗 · 桃花/官符）/与杀破狼
T137,BV1KJsLekEfA,P29,00:19:51,01-stars/廉贞（北斗 · 桃花/官符）/与杀破狼
T138,BV1KJsLekEfA,P29,00:23:44,01-stars/廉贞（北斗 · 桃花/官符）/与杀破狼
T139,BV1KJsLekEfA,P29,00:31:30,01-stars/廉贞（北斗 · 桃花/官符）/与杀破狼
T140,BV1KJsLekEfA,P5,00:48:02,01-stars/天府（南斗 · 帝星）/定性
T141,BV1KJsLekEfA,P5,00:51:17,01-stars/天府（南斗 · 帝星）/定性
T142,BV1KJsLekEfA,P27,00:03:37,01-stars/天府（南斗 · 帝星）/定性
T143,BV1KJsLekEfA,P5,00:49:01,01-stars/天府（南斗 · 帝星）/性情
T144,BV1KJsLekEfA,P5,00:52:09,01-stars/天府（南斗 · 帝星）/性情
T145,BV1KJsLekEfA,P25,00:32:27,01-stars/天府（南斗 · 帝星）/性情
T146,BV1KJsLekEfA,P25,00:33:33,01-stars/天府（南斗 · 帝星）/性情
T147,BV1KJsLekEfA,P5,00:48:21,01-stars/天府（南斗 · 帝星）/解厄
T148,BV1KJsLekEfA,P5,00:53:06,01-stars/天府（南斗 · 帝星）/解厄
T149,BV1KJsLekEfA,P21,00:37:59,01-stars/天府（南斗 · 帝星）/解厄
T150,BV1KJsLekEfA,P21,00:38:33,01-stars/天府（南斗 · 帝星）/解厄
T151,BV1KJsLekEfA,P25,00:27:48,01-stars/天府（南斗 · 帝星）/解厄
T152,BV1KJsLekEfA,P5,00:51:42,01-stars/天府（南斗 · 帝星）/天府入武
T153,BV1KJsLekEfA,P5,00:51:57,01-stars/天府（南斗 · 帝星）/天府入武
T154,BV1KJsLekEfA,P7,00:27:56,01-stars/天府（南斗 · 帝星）/三台八座
T155,BV1KJsLekEfA,P5,00:53:54,01-stars/太阴（中天 · 主富星）/长相
T156,BV1KJsLekEfA,P13（留出讲）,00:35:43,01-stars/太阴（中天 · 主富星）/长相
T157,BV1KJsLekEfA,P13（留出讲）,00:42:54,01-stars/太阴（中天 · 主富星）/长相
T158,BV1KJsLekEfA,P27,00:29:07,01-stars/太阴（中天 · 主富星）/长相
T159,BV1KJsLekEfA,P27,00:29:57,01-stars/太阴（中天 · 主富星）/长相
T160,BV1KJsLekEfA,P5,00:53:30,01-stars/太阴（中天 · 主富星）/入庙落陷
T161,BV1KJsLekEfA,P11,00:11:58,01-stars/太阴（中天 · 主富星）/入庙落陷
T162,BV1KJsLekEfA,P11,00:30:20,01-stars/太阴（中天 · 主富星）/入庙落陷
T163,BV1KJsLekEfA,P9,00:18:43,01-stars/太阴（中天 · 主富星）/入庙落陷
T164,BV1KJsLekEfA,P13（留出讲）,00:01:57,01-stars/太阴（中天 · 主富星）/入庙落陷
T165,BV1KJsLekEfA,P13（留出讲）,00:34:32,01-stars/太阴（中天 · 主富星）/入庙落陷
T166,BV1KJsLekEfA,P27,00:11:10,01-stars/太阴（中天 · 主富星）/入庙落陷
T167,BV1KJsLekEfA,P27,00:17:28,01-stars/太阴（中天 · 主富星）/入庙落陷
T168,BV1KJsLekEfA,P25,00:28:51,01-stars/太阴（中天 · 主富星）/入庙落陷
T169,BV1KJsLekEfA,P5,00:54:07,01-stars/太阴（中天 · 主富星）/太阴在职业
T170,BV1KJsLekEfA,P13（留出讲）,00:34:54,01-stars/太阴（中天 · 主富星）/太阴在职业
T171,BV1KJsLekEfA,P13（留出讲）,00:42:23,01-stars/太阴（中天 · 主富星）/太阴在职业
T172,BV1KJsLekEfA,P13（留出讲）,00:46:18,01-stars/太阴（中天 · 主富星）/太阴在职业
T173,BV1KJsLekEfA,P13（留出讲）,00:35:05,01-stars/太阴（中天 · 主富星）/太阴在职业
T174,BV1KJsLekEfA,P7,00:02:08,01-stars/贪狼（北斗 · 桃花/财气）/定性
T175,BV1KJsLekEfA,P9,00:02:43,01-stars/贪狼（北斗 · 桃花/财气）/定性
T176,BV1KJsLekEfA,P9,00:08:30,01-stars/贪狼（北斗 · 桃花/财气）/定性
T177,BV1KJsLekEfA,P9,00:08:51,01-stars/贪狼（北斗 · 桃花/财气）/定性
T178,BV1KJsLekEfA,P19,00:01:36,01-stars/贪狼（北斗 · 桃花/财气）/定性
T179,BV1KJsLekEfA,P19,00:29:42,01-stars/贪狼（北斗 · 桃花/财气）/定性
T180,BV1KJsLekEfA,P23（留出讲）,00:05:38,01-stars/贪狼（北斗 · 桃花/财气）/定性
T181,BV1KJsLekEfA,P23（留出讲）,00:30:04,01-stars/贪狼（北斗 · 桃花/财气）/定性
T182,BV1KJsLekEfA,P27,00:00:16,01-stars/贪狼（北斗 · 桃花/财气）/定性
T183,BV1KJsLekEfA,P25,00:05:24,01-stars/贪狼（北斗 · 桃花/财气）/定性
T184,BV1KJsLekEfA,P7,00:02:35,01-stars/贪狼（北斗 · 桃花/财气）/长相
T185,BV1KJsLekEfA,P9,00:02:54,01-stars/贪狼（北斗 · 桃花/财气）/亥子宫为正科桃花
T186,BV1KJsLekEfA,P19,00:46:04,01-stars/贪狼（北斗 · 桃花/财气）/亥子宫为正科桃花
T187,BV1KJsLekEfA,P9,00:03:14,01-stars/贪狼（北斗 · 桃花/财气）/午宫为武官星
T188,BV1KJsLekEfA,P9,00:03:25,01-stars/贪狼（北斗 · 桃花/财气）/午宫为武官星
T189,BV1KJsLekEfA,P9,00:04:09,01-stars/贪狼（北斗 · 桃花/财气）/午宫为武官星
T190,BV1KJsLekEfA,P15,00:42:17,01-stars/贪狼（北斗 · 桃花/财气）/午宫为武官星
T191,BV1KJsLekEfA,P15,00:42:57,01-stars/贪狼（北斗 · 桃花/财气）/午宫为武官星
T192,BV1KJsLekEfA,P19,00:46:35,01-stars/贪狼（北斗 · 桃花/财气）/午宫为武官星
T193,BV1KJsLekEfA,P23（留出讲）,00:29:40,01-stars/贪狼（北斗 · 桃花/财气）/午宫为武官星
T194,BV1KJsLekEfA,P13（留出讲）,00:43:13,01-stars/贪狼（北斗 · 桃花/财气）/泛水桃花
T195,BV1KJsLekEfA,P13（留出讲）,00:44:00,01-stars/贪狼（北斗 · 桃花/财气）/泛水桃花
T196,BV1KJsLekEfA,P13（留出讲）,00:44:23,01-stars/贪狼（北斗 · 桃花/财气）/泛水桃花
T197,BV1KJsLekEfA,P7,00:48:07,01-stars/巨门（北斗 · 暗星）/定性
T198,BV1KJsLekEfA,P7,00:50:57,01-stars/巨门（北斗 · 暗星）/定性
T199,BV1KJsLekEfA,P7,00:51:09,01-stars/巨门（北斗 · 暗星）/定性
T200,BV1KJsLekEfA,P13（留出讲）,00:11:05,01-stars/巨门（北斗 · 暗星）/定性
T201,BV1KJsLekEfA,P15,00:22:17,01-stars/巨门（北斗 · 暗星）/定性
T202,BV1KJsLekEfA,P17,00:49:30,01-stars/巨门（北斗 · 暗星）/定性
T203,BV1KJsLekEfA,P21,00:45:41,01-stars/巨门（北斗 · 暗星）/定性
T204,BV1KJsLekEfA,P21,00:46:02,01-stars/巨门（北斗 · 暗星）/定性
T205,BV1KJsLekEfA,P25,00:36:14,01-stars/巨门（北斗 · 暗星）/定性
T206,BV1KJsLekEfA,P7,00:49:12,01-stars/巨门（北斗 · 暗星）/长相
T207,BV1KJsLekEfA,P17,00:51:42,01-stars/巨门（北斗 · 暗星）/长相
T208,BV1KJsLekEfA,P21,00:18:14,01-stars/巨门（北斗 · 暗星）/长相
T209,BV1KJsLekEfA,P11,00:58:17,01-stars/巨门（北斗 · 暗星）/与化忌
T210,BV1KJsLekEfA,P25,00:00:16,01-stars/巨门（北斗 · 暗星）/与化忌
T211,BV1KJsLekEfA,P11,00:58:38,01-stars/巨门（北斗 · 暗星）/与天马
T212,BV1KJsLekEfA,P17,00:50:48,01-stars/巨门（北斗 · 暗星）/与天马
T213,BV1KJsLekEfA,P5,00:56:55,01-stars/天相（南斗 · 印星）/定性
T214,BV1KJsLekEfA,P11,00:05:40,01-stars/天相（南斗 · 印星）/定性
T215,BV1KJsLekEfA,P11,00:06:09,01-stars/天相（南斗 · 印星）/定性
T216,BV1KJsLekEfA,P11,00:06:26,01-stars/天相（南斗 · 印星）/定性
T217,BV1KJsLekEfA,P17,00:04:07,01-stars/天相（南斗 · 印星）/定性
T218,BV1KJsLekEfA,P17,00:04:17,01-stars/天相（南斗 · 印星）/定性
T219,BV1KJsLekEfA,P21,00:36:00,01-stars/天相（南斗 · 印星）/定性
T220,BV1KJsLekEfA,P25,00:26:19,01-stars/天相（南斗 · 印星）/定性
T221,BV1KJsLekEfA,P5,00:57:10,01-stars/天相（南斗 · 印星）/长相
T222,BV1KJsLekEfA,P11,00:06:21,01-stars/天相（南斗 · 印星）/长相
T223,BV1KJsLekEfA,P5,00:57:31,01-stars/天相（南斗 · 印星）/性情
T224,BV1KJsLekEfA,P5,00:55:34,01-stars/天梁（南斗 · 阴贵星）/定性
T225,BV1KJsLekEfA,P17,00:08:33,01-stars/天梁（南斗 · 阴贵星）/定性
T226,BV1KJsLekEfA,P17,00:09:03,01-stars/天梁（南斗 · 阴贵星）/定性
T227,BV1KJsLekEfA,P17,00:49:12,01-stars/天梁（南斗 · 阴贵星）/定性
T228,BV1KJsLekEfA,P5,00:56:11,01-stars/天梁（南斗 · 阴贵星）/长相
T229,BV1KJsLekEfA,P5,00:54:50,01-stars/天梁（南斗 · 阴贵星）/食神
T230,BV1KJsLekEfA,P5,00:55:18,01-stars/天梁（南斗 · 阴贵星）/食神
T231,BV1KJsLekEfA,P13（留出讲）,00:00:35,01-stars/天梁（南斗 · 阴贵星）/天梁在午宫
T232,BV1KJsLekEfA,P13（留出讲）,00:01:02,01-stars/天梁（南斗 · 阴贵星）/天梁在午宫
T233,BV1KJsLekEfA,P13（留出讲）,00:01:28,01-stars/天梁（南斗 · 阴贵星）/天梁在午宫
T234,BV1KJsLekEfA,P29,00:12:46,01-stars/天梁（南斗 · 阴贵星）/天梁在午宫
T235,BV1KJsLekEfA,P7,00:00:07,01-stars/七杀（南斗 · 杀星）/定性
T236,BV1KJsLekEfA,P7,00:03:45,01-stars/七杀（南斗 · 杀星）/定性
T237,BV1KJsLekEfA,P13（留出讲）,00:29:16,01-stars/七杀（南斗 · 杀星）/定性
T238,BV1KJsLekEfA,P13（留出讲）,00:29:37,01-stars/七杀（南斗 · 杀星）/定性
T239,BV1KJsLekEfA,P7,00:00:48,01-stars/七杀（南斗 · 杀星）/性情
T240,BV1KJsLekEfA,P7,00:03:00,01-stars/七杀（南斗 · 杀星）/性情
T241,BV1KJsLekEfA,P7,00:03:23,01-stars/七杀（南斗 · 杀星）/性情
T242,BV1KJsLekEfA,P9,00:13:53,01-stars/七杀（南斗 · 杀星）/性情
T243,BV1KJsLekEfA,P9,00:14:19,01-stars/七杀（南斗 · 杀星）/性情
T244,BV1KJsLekEfA,P9,00:37:27,01-stars/七杀（南斗 · 杀星）/性情
T245,BV1KJsLekEfA,P19,00:01:32,01-stars/七杀（南斗 · 杀星）/性情
T246,BV1KJsLekEfA,P19,00:30:32,01-stars/七杀（南斗 · 杀星）/性情
T247,BV1KJsLekEfA,P25,00:00:54,01-stars/七杀（南斗 · 杀星）/性情
T248,BV1KJsLekEfA,P7,00:01:13,01-stars/破军（北斗 · 杀星）/性情
T249,BV1KJsLekEfA,P9,00:16:17,01-stars/破军（北斗 · 杀星）/性情
T250,BV1KJsLekEfA,P13（留出讲）,00:55:24,01-stars/破军（北斗 · 杀星）/性情
T251,BV1KJsLekEfA,P15,00:23:37,01-stars/破军（北斗 · 杀星）/性情
T252,BV1KJsLekEfA,P19,00:01:09,01-stars/破军（北斗 · 杀星）/性情
T253,BV1KJsLekEfA,P19,00:01:13,01-stars/破军（北斗 · 杀星）/性情
T254,BV1KJsLekEfA,P19,00:01:51,01-stars/破军（北斗 · 杀星）/性情
T255,BV1KJsLekEfA,P23（留出讲）,00:42:12,01-stars/破军（北斗 · 杀星）/性情
T256,BV1KJsLekEfA,P7,00:01:45,01-stars/破军（北斗 · 杀星）/在夫妻
T257,BV1KJsLekEfA,P25,00:38:31,01-stars/破军（北斗 · 杀星）/在夫妻
T258,BV1KJsLekEfA,P13（留出讲）,00:54:05,01-stars/破军（北斗 · 杀星）/英星入庙
T259,BV1KJsLekEfA,P13（留出讲）,00:55:00,01-stars/破军（北斗 · 杀星）/英星入庙
T260,BV1KJsLekEfA,P19,00:00:46,01-stars/破军（北斗 · 杀星）/英星入庙
T261,BV1KJsLekEfA,P19,00:00:52,01-stars/破军（北斗 · 杀星）/英星入庙
T262,BV1KJsLekEfA,P21,00:17:32,01-stars/破军（北斗 · 杀星）/英星入庙
T263,BV1KJsLekEfA,P7,00:20:16,01-stars/文昌、文曲（六吉星 · 文星）/定性
T264,BV1KJsLekEfA,P13（留出讲）,00:28:16,01-stars/文昌、文曲（六吉星 · 文星）/定性
T265,BV1KJsLekEfA,P13（留出讲）,00:28:10,01-stars/文昌、文曲（六吉星 · 文星）/定性
T266,BV1KJsLekEfA,P15,00:22:10,01-stars/文昌、文曲（六吉星 · 文星）/定性
T267,BV1KJsLekEfA,P19,00:09:01,01-stars/文昌、文曲（六吉星 · 文星）/定性
T268,BV1KJsLekEfA,P21,00:06:24,01-stars/文昌、文曲（六吉星 · 文星）/定性
T269,BV1KJsLekEfA,P23（留出讲）,00:28:55,01-stars/文昌、文曲（六吉星 · 文星）/定性
T270,BV1KJsLekEfA,P23（留出讲）,00:38:20,01-stars/文昌、文曲（六吉星 · 文星）/定性
T271,BV1KJsLekEfA,P7,00:21:03,01-stars/文昌、文曲（六吉星 · 文星）/同宫
T272,BV1KJsLekEfA,P13（留出讲）,00:25:01,01-stars/文昌、文曲（六吉星 · 文星）/同宫
T273,BV1KJsLekEfA,P13（留出讲）,00:26:39,01-stars/文昌、文曲（六吉星 · 文星）/同宫
T274,BV1KJsLekEfA,P21,00:04:29,01-stars/文昌、文曲（六吉星 · 文星）/同宫
T275,BV1KJsLekEfA,P7,00:21:46,01-stars/文昌、文曲（六吉星 · 文星）/女命
T276,BV1KJsLekEfA,P13（留出讲）,00:26:50,01-stars/文昌、文曲（六吉星 · 文星）/女命
T277,BV1KJsLekEfA,P21,00:05:05,01-stars/文昌、文曲（六吉星 · 文星）/女命
T278,BV1KJsLekEfA,P27,00:29:17,01-stars/文昌、文曲（六吉星 · 文星）/女命
T279,BV1KJsLekEfA,P7,00:22:16,01-stars/文昌、文曲（六吉星 · 文星）/与化忌
T280,BV1KJsLekEfA,P9,00:35:43,01-stars/文昌、文曲（六吉星 · 文星）/与化忌
T281,BV1KJsLekEfA,P19,00:47:30,01-stars/文昌、文曲（六吉星 · 文星）/与化忌
T282,BV1KJsLekEfA,P7,00:27:27,01-stars/左辅、右弼（六吉星 · 辅星）/紫微需辅弼
T283,BV1KJsLekEfA,P13（留出讲）,00:05:32,01-stars/左辅、右弼（六吉星 · 辅星）/紫微需辅弼
T284,BV1KJsLekEfA,P13（留出讲）,00:07:18,01-stars/左辅、右弼（六吉星 · 辅星）/紫微需辅弼
T285,BV1KJsLekEfA,P13（留出讲）,00:07:30,01-stars/左辅、右弼（六吉星 · 辅星）/紫微需辅弼
T286,BV1KJsLekEfA,P13（留出讲）,00:06:01,01-stars/左辅、右弼（六吉星 · 辅星）/孤星独守
T287,BV1KJsLekEfA,P13（留出讲）,00:38:04,01-stars/左辅、右弼（六吉星 · 辅星）/孤星独守
T288,BV1KJsLekEfA,P13（留出讲）,00:07:10,01-stars/左辅、右弼（六吉星 · 辅星）/孤星独守
T289,BV1KJsLekEfA,P15,00:05:19,01-stars/左辅、右弼（六吉星 · 辅星）/孤星独守
T290,BV1KJsLekEfA,P25,00:41:11,01-stars/左辅、右弼（六吉星 · 辅星）/孤星独守
T291,BV1KJsLekEfA,P21,00:00:31,01-stars/左辅、右弼（六吉星 · 辅星）/单星入守
T292,BV1KJsLekEfA,P7,00:04:49,01-stars/六杀（羊陀火铃空劫）/总论
T293,BV1KJsLekEfA,P7,00:05:27,01-stars/六杀（羊陀火铃空劫）/总论
T294,BV1KJsLekEfA,P9,00:25:43,01-stars/六杀（羊陀火铃空劫）/总论
T295,BV1KJsLekEfA,P21,00:36:25,01-stars/六杀（羊陀火铃空劫）/总论
T296,BV1KJsLekEfA,P25,00:09:02,01-stars/六杀（羊陀火铃空劫）/总论
T297,BV1KJsLekEfA,P7,00:10:46,01-stars/六杀（羊陀火铃空劫）/天空地劫
T298,BV1KJsLekEfA,P15,00:06:23,01-stars/六杀（羊陀火铃空劫）/天空地劫
T299,BV1KJsLekEfA,P17,00:01:17,01-stars/六杀（羊陀火铃空劫）/天空地劫
T300,BV1KJsLekEfA,P17,00:01:31,01-stars/六杀（羊陀火铃空劫）/天空地劫
T301,BV1KJsLekEfA,P27,00:01:34,01-stars/六杀（羊陀火铃空劫）/天空地劫
T302,BV1KJsLekEfA,P7,00:11:09,01-stars/六杀（羊陀火铃空劫）/火星铃星
T303,BV1KJsLekEfA,P17,00:07:50,01-stars/六杀（羊陀火铃空劫）/火星铃星
T304,BV1KJsLekEfA,P21,00:10:20,01-stars/六杀（羊陀火铃空劫）/火星铃星
T305,BV1KJsLekEfA,P25,00:04:48,01-stars/六杀（羊陀火铃空劫）/火星铃星
T306,BV1KJsLekEfA,P7,00:11:38,01-stars/六杀（羊陀火铃空劫）/擎羊陀罗
T307,BV1KJsLekEfA,P21,00:36:16,01-stars/六杀（羊陀火铃空劫）/擎羊陀罗
T308,BV1KJsLekEfA,P23（留出讲）,00:08:50,01-stars/六杀（羊陀火铃空劫）/擎羊陀罗
T309,BV1KJsLekEfA,P7,00:12:41,01-stars/六杀（羊陀火铃空劫）/擎羊为刃
T310,BV1KJsLekEfA,P7,00:06:05,01-stars/庙旺利陷/亮度
T311,BV1KJsLekEfA,P11,00:11:38,01-stars/庙旺利陷/亮度
T312,BV1KJsLekEfA,P9,00:25:28,01-stars/庙旺利陷/亮度
T313,BV1KJsLekEfA,P7,00:06:59,01-stars/庙旺利陷/杀星入庙反吉
T314,BV1KJsLekEfA,P7,00:44:50,01-stars/庙旺利陷/杀星入庙反吉
T315,BV1KJsLekEfA,P11,00:11:24,01-stars/庙旺利陷/杀星入庙反吉
T316,BV1KJsLekEfA,P13（留出讲）,00:08:25,01-stars/庙旺利陷/杀星入庙反吉
T317,BV1KJsLekEfA,P27,00:02:12,01-stars/庙旺利陷/杀星入庙反吉
T318,BV1KJsLekEfA,P7,00:22:37,01-stars/天魁、天钺/定性
T319,BV1KJsLekEfA,P7,00:18:34,01-stars/天魁、天钺/定性
T320,BV1KJsLekEfA,P7,00:22:59,01-stars/天魁、天钺/定性
T321,BV1KJsLekEfA,P7,00:23:11,01-stars/天魁、天钺/定性
T322,BV1KJsLekEfA,P7,00:23:17,01-stars/天魁、天钺/定性
T323,BV1KJsLekEfA,P9,00:18:15,01-stars/天魁、天钺/定性
T324,BV1KJsLekEfA,P13（留出讲）,00:27:43,01-stars/天魁、天钺/定性
T325,BV1KJsLekEfA,P13（留出讲）,00:28:27,01-stars/天魁、天钺/定性
T326,BV1KJsLekEfA,P17,00:45:20,01-stars/天魁、天钺/定性
T327,BV1KJsLekEfA,P21,00:10:14,01-stars/天魁、天钺/定性
T328,BV1KJsLekEfA,P7,00:49:39,01-stars/禄存/定性
T329,BV1KJsLekEfA,P7,00:50:03,01-stars/禄存/定性
T330,BV1KJsLekEfA,P7,00:50:12,01-stars/禄存/定性
T331,BV1KJsLekEfA,P15,00:31:08,01-stars/禄存/定性
T332,BV1KJsLekEfA,P17,00:03:19,01-stars/禄存/定性
T333,BV1KJsLekEfA,P21,00:14:17,01-stars/禄存/定性
T334,BV1KJsLekEfA,P7,00:50:31,01-stars/禄存/禄马交驰
T335,BV1KJsLekEfA,P7,00:23:55,01-stars/红鸾、天喜/定性
T336,BV1KJsLekEfA,P7,00:24:09,01-stars/红鸾、天喜/定性
T337,BV1KJsLekEfA,P11,00:31:16,01-stars/红鸾、天喜/定性
T338,BV1KJsLekEfA,P17,00:15:44,01-stars/红鸾、天喜/定性
T339,BV1KJsLekEfA,P17,00:15:58,01-stars/红鸾、天喜/定性
T340,BV1KJsLekEfA,P17,00:16:19,01-stars/红鸾、天喜/定性
T341,BV1KJsLekEfA,P17,00:16:30,01-stars/红鸾、天喜/定性
T342,BV1KJsLekEfA,P17,00:51:14,01-stars/红鸾、天喜/定性
T343,BV1KJsLekEfA,P19,00:02:55,01-stars/红鸾、天喜/定性
T344,BV1KJsLekEfA,P19,00:06:17,01-stars/红鸾、天喜/定性
T345,BV1KJsLekEfA,P19,00:39:08,01-stars/红鸾、天喜/定性
T346,BV1KJsLekEfA,P21,00:32:32,01-stars/红鸾、天喜/定性
T347,BV1KJsLekEfA,P23（留出讲）,00:19:02,01-stars/红鸾、天喜/定性
T348,BV1KJsLekEfA,P27,00:37:15,01-stars/红鸾、天喜/定性
T349,BV1KJsLekEfA,P25,00:12:28,01-stars/红鸾、天喜/定性
T350,BV1KJsLekEfA,P25,00:32:38,01-stars/红鸾、天喜/定性
T351,BV1KJsLekEfA,P25,00:39:49,01-stars/红鸾、天喜/定性
T352,BV1KJsLekEfA,P25,00:40:59,01-stars/红鸾、天喜/定性
T353,BV1KJsLekEfA,P7,00:24:22,01-stars/红鸾、天喜/男命
T354,BV1KJsLekEfA,P7,00:25:04,01-stars/红鸾、天喜/男命
T355,BV1KJsLekEfA,P11,00:31:30,01-stars/红鸾、天喜/男命
T356,BV1KJsLekEfA,P17,00:49:50,01-stars/红鸾、天喜/男命
T357,BV1KJsLekEfA,P19,00:02:22,01-stars/红鸾、天喜/男命
T358,BV1KJsLekEfA,P19,00:02:37,01-stars/红鸾、天喜/男命
T359,BV1KJsLekEfA,P21,00:34:07,01-stars/红鸾、天喜/男命
T360,BV1KJsLekEfA,P23（留出讲）,00:31:07,01-stars/红鸾、天喜/男命
T361,BV1KJsLekEfA,P23（留出讲）,00:36:28,01-stars/红鸾、天喜/男命
T362,BV1KJsLekEfA,P23（留出讲）,00:37:11,01-stars/红鸾、天喜/男命
T363,BV1KJsLekEfA,P27,00:11:56,01-stars/红鸾、天喜/男命
T364,BV1KJsLekEfA,P25,00:07:37,01-stars/红鸾、天喜/男命
T365,BV1KJsLekEfA,P25,00:18:05,01-stars/红鸾、天喜/男命
T366,BV1KJsLekEfA,P7,00:25:12,01-stars/红鸾、天喜/女命
T367,BV1KJsLekEfA,P7,00:25:19,01-stars/红鸾、天喜/女命
T368,BV1KJsLekEfA,P7,00:25:24,01-stars/红鸾、天喜/女命
T369,BV1KJsLekEfA,P19,00:02:10,01-stars/红鸾、天喜/女命
T370,BV1KJsLekEfA,P21,00:10:53,01-stars/红鸾、天喜/女命
T371,BV1KJsLekEfA,P21,00:20:27,01-stars/红鸾、天喜/女命
T372,BV1KJsLekEfA,P23（留出讲）,00:19:34,01-stars/红鸾、天喜/女命
T373,BV1KJsLekEfA,P23（留出讲）,00:23:14,01-stars/红鸾、天喜/女命
T374,BV1KJsLekEfA,P23（留出讲）,00:30:47,01-stars/红鸾、天喜/女命
T375,BV1KJsLekEfA,P23（留出讲）,00:31:16,01-stars/红鸾、天喜/女命
T376,BV1KJsLekEfA,P27,00:20:17,01-stars/红鸾、天喜/女命
T377,BV1KJsLekEfA,P27,00:30:07,01-stars/红鸾、天喜/女命
T378,BV1KJsLekEfA,P29,00:06:03,01-stars/红鸾、天喜/女命
T379,BV1KJsLekEfA,P3,00:11:49,02-palaces/总论：十二宫的来由/
T380,BV1KJsLekEfA,P3,00:11:54,02-palaces/总论：十二宫的来由/
T381,BV1KJsLekEfA,P3,00:21:23,02-palaces/总论：十二宫的来由/
T382,BV1KJsLekEfA,P3,00:23:32,02-palaces/总论：十二宫的来由/
T383,BV1KJsLekEfA,P3,00:25:03,02-palaces/总论：十二宫的来由/
T384,BV1KJsLekEfA,P3,00:25:27,02-palaces/总论：十二宫的来由/
T385,BV1KJsLekEfA,P5,00:38:24,02-palaces/总论：十二宫的来由/
T386,BV1KJsLekEfA,P3,00:17:40,02-palaces/宫性与流年/
T387,BV1KJsLekEfA,P3,00:18:24,02-palaces/宫性与流年/
T388,BV1KJsLekEfA,P3,00:19:12,02-palaces/宫性与流年/
T389,BV1KJsLekEfA,P3,00:19:41,02-palaces/宫性与流年/
T390,BV1KJsLekEfA,P3,00:19:58,02-palaces/宫性与流年/
T391,BV1KJsLekEfA,P9,00:39:56,02-palaces/宫性与流年/
T392,BV1KJsLekEfA,P9,00:40:59,02-palaces/宫性与流年/
T393,BV1KJsLekEfA,P27,00:24:06,02-palaces/宫性与流年/
T394,BV1KJsLekEfA,P3,00:12:58,02-palaces/三方四正与对宫借星/
T395,BV1KJsLekEfA,P3,00:21:59,02-palaces/三方四正与对宫借星/
T396,BV1KJsLekEfA,P3,00:22:27,02-palaces/三方四正与对宫借星/
T397,BV1KJsLekEfA,P3,00:22:37,02-palaces/三方四正与对宫借星/
T398,BV1KJsLekEfA,P3,00:23:59,02-palaces/三方四正与对宫借星/
T399,BV1KJsLekEfA,P7,00:37:28,02-palaces/三方四正与对宫借星/
T400,BV1KJsLekEfA,P7,00:32:00,02-palaces/三方四正与对宫借星/
T401,BV1KJsLekEfA,P11,00:43:56,02-palaces/三方四正与对宫借星/
T402,BV1KJsLekEfA,P11,00:44:16,02-palaces/三方四正与对宫借星/
T403,BV1KJsLekEfA,P11,00:57:16,02-palaces/三方四正与对宫借星/
T404,BV1KJsLekEfA,P11,00:57:54,02-palaces/三方四正与对宫借星/
T405,BV1KJsLekEfA,P9,00:33:40,02-palaces/三方四正与对宫借星/
T406,BV1KJsLekEfA,P13（留出讲）,00:46:54,02-palaces/三方四正与对宫借星/
T407,BV1KJsLekEfA,P17,00:52:27,02-palaces/三方四正与对宫借星/
T408,BV1KJsLekEfA,P3,00:12:09,02-palaces/命宫/
T409,BV1KJsLekEfA,P3,00:12:29,02-palaces/命宫/
T410,BV1KJsLekEfA,P3,00:12:47,02-palaces/命宫/
T411,BV1KJsLekEfA,P3,00:15:37,02-palaces/命宫/
T412,BV1KJsLekEfA,P3,00:24:16,02-palaces/命宫/
T413,BV1KJsLekEfA,P3,00:24:50,02-palaces/命宫/
T414,BV1KJsLekEfA,P5,00:11:23,02-palaces/命宫/
T415,BV1KJsLekEfA,P7,00:16:39,02-palaces/命宫/
T416,BV1KJsLekEfA,P11,00:03:52,02-palaces/命宫/
T417,BV1KJsLekEfA,P11,00:35:52,02-palaces/命宫/
T418,BV1KJsLekEfA,P9,00:08:57,02-palaces/命宫/
T419,BV1KJsLekEfA,P13（留出讲）,00:18:05,02-palaces/命宫/
T420,BV1KJsLekEfA,P13（留出讲）,00:48:54,02-palaces/命宫/
T421,BV1KJsLekEfA,P21,00:14:50,02-palaces/命宫/
T422,BV1KJsLekEfA,P27,00:31:45,02-palaces/命宫/
T423,BV1KJsLekEfA,P29,00:27:29,02-palaces/命宫/
T424,BV1KJsLekEfA,P29,00:28:15,02-palaces/命宫/
T425,BV1KJsLekEfA,P9,00:12:22,02-palaces/命宫/身宫
T426,BV1KJsLekEfA,P9,00:12:47,02-palaces/命宫/身宫
T427,BV1KJsLekEfA,P9,00:12:56,02-palaces/命宫/身宫
T428,BV1KJsLekEfA,P9,00:13:10,02-palaces/命宫/身宫
T429,BV1KJsLekEfA,P9,00:13:29,02-palaces/命宫/身宫
T430,BV1KJsLekEfA,P9,00:13:38,02-palaces/命宫/身宫
T431,BV1KJsLekEfA,P15,00:20:09,02-palaces/命宫/身宫
T432,BV1KJsLekEfA,P19,00:24:23,02-palaces/命宫/身宫
T433,BV1KJsLekEfA,P19,00:24:37,02-palaces/命宫/身宫
T434,BV1KJsLekEfA,P19,00:37:28,02-palaces/命宫/身宫
T435,BV1KJsLekEfA,P21,00:30:26,02-palaces/命宫/身宫
T436,BV1KJsLekEfA,P21,00:30:38,02-palaces/命宫/身宫
T437,BV1KJsLekEfA,P21,00:30:46,02-palaces/命宫/身宫
T438,BV1KJsLekEfA,P21,00:31:00,02-palaces/命宫/身宫
T439,BV1KJsLekEfA,P3,00:26:28,02-palaces/兄弟宫/
T440,BV1KJsLekEfA,P3,00:27:01,02-palaces/兄弟宫/
T441,BV1KJsLekEfA,P3,00:27:20,02-palaces/兄弟宫/
T442,BV1KJsLekEfA,P3,00:28:09,02-palaces/兄弟宫/
T443,BV1KJsLekEfA,P11,00:56:43,02-palaces/兄弟宫/
T444,BV1KJsLekEfA,P9,00:25:12,02-palaces/兄弟宫/
T445,BV1KJsLekEfA,P9,00:24:35,02-palaces/兄弟宫/
T446,BV1KJsLekEfA,P13（留出讲）,00:46:40,02-palaces/兄弟宫/
T447,BV1KJsLekEfA,P15,00:44:42,02-palaces/兄弟宫/
T448,BV1KJsLekEfA,P15,00:45:22,02-palaces/兄弟宫/
T449,BV1KJsLekEfA,P15,00:45:43,02-palaces/兄弟宫/
T450,BV1KJsLekEfA,P15,00:46:20,02-palaces/兄弟宫/
T451,BV1KJsLekEfA,P17,00:08:15,02-palaces/兄弟宫/
T452,BV1KJsLekEfA,P21,00:00:42,02-palaces/兄弟宫/
T453,BV1KJsLekEfA,P23（留出讲）,00:15:24,02-palaces/兄弟宫/
T454,BV1KJsLekEfA,P23（留出讲）,00:32:09,02-palaces/兄弟宫/
T455,BV1KJsLekEfA,P29,00:13:13,02-palaces/兄弟宫/
T456,BV1KJsLekEfA,P29,00:20:04,02-palaces/兄弟宫/
T457,BV1KJsLekEfA,P29,00:25:30,02-palaces/兄弟宫/
T458,BV1KJsLekEfA,P3,00:38:11,02-palaces/夫妻宫/
T459,BV1KJsLekEfA,P5,00:06:28,02-palaces/夫妻宫/
T460,BV1KJsLekEfA,P7,00:25:50,02-palaces/夫妻宫/
T461,BV1KJsLekEfA,P7,00:26:03,02-palaces/夫妻宫/
T462,BV1KJsLekEfA,P7,00:26:14,02-palaces/夫妻宫/
T463,BV1KJsLekEfA,P11,00:08:31,02-palaces/夫妻宫/
T464,BV1KJsLekEfA,P11,00:09:00,02-palaces/夫妻宫/
T465,BV1KJsLekEfA,P11,00:15:09,02-palaces/夫妻宫/
T466,BV1KJsLekEfA,P11,00:31:04,02-palaces/夫妻宫/
T467,BV1KJsLekEfA,P11,00:48:06,02-palaces/夫妻宫/
T468,BV1KJsLekEfA,P11,00:56:22,02-palaces/夫妻宫/
T469,BV1KJsLekEfA,P9,00:17:49,02-palaces/夫妻宫/
T470,BV1KJsLekEfA,P9,00:33:18,02-palaces/夫妻宫/
T471,BV1KJsLekEfA,P9,00:33:48,02-palaces/夫妻宫/
T472,BV1KJsLekEfA,P9,00:34:25,02-palaces/夫妻宫/
T473,BV1KJsLekEfA,P9,00:42:05,02-palaces/夫妻宫/
T474,BV1KJsLekEfA,P13（留出讲）,00:06:37,02-palaces/夫妻宫/
T475,BV1KJsLekEfA,P13（留出讲）,00:16:37,02-palaces/夫妻宫/
T476,BV1KJsLekEfA,P13（留出讲）,00:48:36,02-palaces/夫妻宫/
T477,BV1KJsLekEfA,P13（留出讲）,00:16:52,02-palaces/夫妻宫/
T478,BV1KJsLekEfA,P15,00:21:52,02-palaces/夫妻宫/
T479,BV1KJsLekEfA,P17,00:10:46,02-palaces/夫妻宫/
T480,BV1KJsLekEfA,P17,00:11:46,02-palaces/夫妻宫/
T481,BV1KJsLekEfA,P17,00:48:49,02-palaces/夫妻宫/
T482,BV1KJsLekEfA,P19,00:03:33,02-palaces/夫妻宫/
T483,BV1KJsLekEfA,P19,00:04:03,02-palaces/夫妻宫/
T484,BV1KJsLekEfA,P19,00:27:45,02-palaces/夫妻宫/
T485,BV1KJsLekEfA,P19,00:29:18,02-palaces/夫妻宫/
T486,BV1KJsLekEfA,P19,00:30:04,02-palaces/夫妻宫/
T487,BV1KJsLekEfA,P19,00:35:15,02-palaces/夫妻宫/
T488,BV1KJsLekEfA,P19,00:35:48,02-palaces/夫妻宫/
T489,BV1KJsLekEfA,P19,00:47:44,02-palaces/夫妻宫/
T490,BV1KJsLekEfA,P21,00:00:37,02-palaces/夫妻宫/
T491,BV1KJsLekEfA,P21,00:08:33,02-palaces/夫妻宫/
T492,BV1KJsLekEfA,P21,00:10:25,02-palaces/夫妻宫/
T493,BV1KJsLekEfA,P21,00:19:08,02-palaces/夫妻宫/
T494,BV1KJsLekEfA,P21,00:19:25,02-palaces/夫妻宫/
T495,BV1KJsLekEfA,P21,00:23:26,02-palaces/夫妻宫/
T496,BV1KJsLekEfA,P21,00:29:06,02-palaces/夫妻宫/
T497,BV1KJsLekEfA,P21,00:29:46,02-palaces/夫妻宫/
T498,BV1KJsLekEfA,P21,00:32:57,02-palaces/夫妻宫/
T499,BV1KJsLekEfA,P21,00:35:14,02-palaces/夫妻宫/
T500,BV1KJsLekEfA,P21,00:35:38,02-palaces/夫妻宫/
T501,BV1KJsLekEfA,P21,00:40:32,02-palaces/夫妻宫/
T502,BV1KJsLekEfA,P21,00:41:27,02-palaces/夫妻宫/
T503,BV1KJsLekEfA,P23（留出讲）,00:21:13,02-palaces/夫妻宫/
T504,BV1KJsLekEfA,P23（留出讲）,00:40:08,02-palaces/夫妻宫/
T505,BV1KJsLekEfA,P23（留出讲）,00:41:55,02-palaces/夫妻宫/
T506,BV1KJsLekEfA,P27,00:03:21,02-palaces/夫妻宫/
T507,BV1KJsLekEfA,P27,00:20:08,02-palaces/夫妻宫/
T508,BV1KJsLekEfA,P27,00:21:06,02-palaces/夫妻宫/
T509,BV1KJsLekEfA,P27,00:21:18,02-palaces/夫妻宫/
T510,BV1KJsLekEfA,P27,00:22:16,02-palaces/夫妻宫/
T511,BV1KJsLekEfA,P27,00:22:37,02-palaces/夫妻宫/
T512,BV1KJsLekEfA,P27,00:23:23,02-palaces/夫妻宫/
T513,BV1KJsLekEfA,P27,00:30:25,02-palaces/夫妻宫/
T514,BV1KJsLekEfA,P27,00:34:20,02-palaces/夫妻宫/
T515,BV1KJsLekEfA,P27,00:37:07,02-palaces/夫妻宫/
T516,BV1KJsLekEfA,P25,00:03:13,02-palaces/夫妻宫/
T517,BV1KJsLekEfA,P25,00:17:15,02-palaces/夫妻宫/
T518,BV1KJsLekEfA,P25,00:26:48,02-palaces/夫妻宫/
T519,BV1KJsLekEfA,P25,00:28:14,02-palaces/夫妻宫/
T520,BV1KJsLekEfA,P29,00:05:57,02-palaces/夫妻宫/
T521,BV1KJsLekEfA,P29,00:06:50,02-palaces/夫妻宫/
T522,BV1KJsLekEfA,P29,00:08:06,02-palaces/夫妻宫/
T523,BV1KJsLekEfA,P29,00:22:12,02-palaces/夫妻宫/
T524,BV1KJsLekEfA,P29,00:25:10,02-palaces/夫妻宫/
T525,BV1KJsLekEfA,P29,00:31:18,02-palaces/夫妻宫/
T526,BV1KJsLekEfA,P3,00:41:26,02-palaces/子女宫/
T527,BV1KJsLekEfA,P3,00:42:06,02-palaces/子女宫/
T528,BV1KJsLekEfA,P3,00:43:04,02-palaces/子女宫/
T529,BV1KJsLekEfA,P11,00:13:45,02-palaces/子女宫/
T530,BV1KJsLekEfA,P11,00:30:38,02-palaces/子女宫/
T531,BV1KJsLekEfA,P11,00:48:59,02-palaces/子女宫/
T532,BV1KJsLekEfA,P9,00:29:13,02-palaces/子女宫/
T533,BV1KJsLekEfA,P9,00:29:44,02-palaces/子女宫/
T534,BV1KJsLekEfA,P9,00:29:59,02-palaces/子女宫/
T535,BV1KJsLekEfA,P9,00:41:35,02-palaces/子女宫/
T536,BV1KJsLekEfA,P9,00:48:47,02-palaces/子女宫/
T537,BV1KJsLekEfA,P13（留出讲）,00:48:23,02-palaces/子女宫/
T538,BV1KJsLekEfA,P13（留出讲）,00:48:44,02-palaces/子女宫/
T539,BV1KJsLekEfA,P15,00:42:34,02-palaces/子女宫/
T540,BV1KJsLekEfA,P17,00:48:31,02-palaces/子女宫/
T541,BV1KJsLekEfA,P19,00:26:11,02-palaces/子女宫/
T542,BV1KJsLekEfA,P19,00:26:32,02-palaces/子女宫/
T543,BV1KJsLekEfA,P19,00:27:02,02-palaces/子女宫/
T544,BV1KJsLekEfA,P19,00:27:32,02-palaces/子女宫/
T545,BV1KJsLekEfA,P19,00:38:19,02-palaces/子女宫/
T546,BV1KJsLekEfA,P19,00:38:29,02-palaces/子女宫/
T547,BV1KJsLekEfA,P19,00:47:38,02-palaces/子女宫/
T548,BV1KJsLekEfA,P19,00:49:06,02-palaces/子女宫/
T549,BV1KJsLekEfA,P19,00:49:29,02-palaces/子女宫/
T550,BV1KJsLekEfA,P21,00:00:44,02-palaces/子女宫/
T551,BV1KJsLekEfA,P21,00:08:24,02-palaces/子女宫/
T552,BV1KJsLekEfA,P21,00:17:48,02-palaces/子女宫/
T553,BV1KJsLekEfA,P21,00:21:49,02-palaces/子女宫/
T554,BV1KJsLekEfA,P21,00:23:36,02-palaces/子女宫/
T555,BV1KJsLekEfA,P21,00:31:24,02-palaces/子女宫/
T556,BV1KJsLekEfA,P29,00:02:54,02-palaces/子女宫/
T557,BV1KJsLekEfA,P29,00:10:30,02-palaces/子女宫/
T558,BV1KJsLekEfA,P29,00:19:01,02-palaces/子女宫/
T559,BV1KJsLekEfA,P29,00:31:25,02-palaces/子女宫/
T560,BV1KJsLekEfA,P29,00:31:35,02-palaces/子女宫/
T561,BV1KJsLekEfA,P3,00:15:03,02-palaces/财帛宫/
T562,BV1KJsLekEfA,P3,00:15:22,02-palaces/财帛宫/
T563,BV1KJsLekEfA,P3,00:24:22,02-palaces/财帛宫/
T564,BV1KJsLekEfA,P3,00:24:28,02-palaces/财帛宫/
T565,BV1KJsLekEfA,P3,00:24:40,02-palaces/财帛宫/
T566,BV1KJsLekEfA,P5,00:11:20,02-palaces/财帛宫/
T567,BV1KJsLekEfA,P7,00:26:17,02-palaces/财帛宫/
T568,BV1KJsLekEfA,P11,00:46:20,02-palaces/财帛宫/
T569,BV1KJsLekEfA,P11,00:49:53,02-palaces/财帛宫/
T570,BV1KJsLekEfA,P11,00:50:26,02-palaces/财帛宫/
T571,BV1KJsLekEfA,P9,00:14:43,02-palaces/财帛宫/
T572,BV1KJsLekEfA,P9,00:16:00,02-palaces/财帛宫/
T573,BV1KJsLekEfA,P9,00:12:15,02-palaces/财帛宫/
T574,BV1KJsLekEfA,P9,00:15:56,02-palaces/财帛宫/
T575,BV1KJsLekEfA,P15,00:31:36,02-palaces/财帛宫/
T576,BV1KJsLekEfA,P17,00:03:31,02-palaces/财帛宫/
T577,BV1KJsLekEfA,P17,00:44:50,02-palaces/财帛宫/
T578,BV1KJsLekEfA,P17,00:52:01,02-palaces/财帛宫/
T579,BV1KJsLekEfA,P21,00:04:02,02-palaces/财帛宫/
T580,BV1KJsLekEfA,P21,00:36:05,02-palaces/财帛宫/
T581,BV1KJsLekEfA,P27,00:01:23,02-palaces/财帛宫/
T582,BV1KJsLekEfA,P27,00:19:29,02-palaces/财帛宫/
T583,BV1KJsLekEfA,P25,00:26:34,02-palaces/财帛宫/
T584,BV1KJsLekEfA,P25,00:34:25,02-palaces/财帛宫/
T585,BV1KJsLekEfA,P3,00:13:23,02-palaces/迁移宫/
T586,BV1KJsLekEfA,P3,00:13:44,02-palaces/迁移宫/
T587,BV1KJsLekEfA,P3,00:13:59,02-palaces/迁移宫/
T588,BV1KJsLekEfA,P3,00:20:08,02-palaces/迁移宫/
T589,BV1KJsLekEfA,P11,00:07:37,02-palaces/迁移宫/
T590,BV1KJsLekEfA,P17,00:04:38,02-palaces/迁移宫/
T591,BV1KJsLekEfA,P21,00:07:17,02-palaces/迁移宫/
T592,BV1KJsLekEfA,P21,00:08:13,02-palaces/迁移宫/
T593,BV1KJsLekEfA,P23（留出讲）,00:28:22,02-palaces/迁移宫/
T594,BV1KJsLekEfA,P23（留出讲）,00:29:14,02-palaces/迁移宫/
T595,BV1KJsLekEfA,P23（留出讲）,00:29:53,02-palaces/迁移宫/
T596,BV1KJsLekEfA,P27,00:04:00,02-palaces/迁移宫/
T597,BV1KJsLekEfA,P27,00:19:35,02-palaces/迁移宫/
T598,BV1KJsLekEfA,P3,00:55:50,02-palaces/仆役（交友）宫/
T599,BV1KJsLekEfA,P3,00:56:00,02-palaces/仆役（交友）宫/
T600,BV1KJsLekEfA,P3,00:57:44,02-palaces/仆役（交友）宫/
T601,BV1KJsLekEfA,P3,00:58:18,02-palaces/仆役（交友）宫/
T602,BV1KJsLekEfA,P3,00:58:35,02-palaces/仆役（交友）宫/
T603,BV1KJsLekEfA,P11,00:38:43,02-palaces/仆役（交友）宫/
T604,BV1KJsLekEfA,P9,00:27:17,02-palaces/仆役（交友）宫/
T605,BV1KJsLekEfA,P9,00:27:52,02-palaces/仆役（交友）宫/
T606,BV1KJsLekEfA,P9,00:28:06,02-palaces/仆役（交友）宫/
T607,BV1KJsLekEfA,P15,00:23:12,02-palaces/仆役（交友）宫/
T608,BV1KJsLekEfA,P15,00:24:57,02-palaces/仆役（交友）宫/
T609,BV1KJsLekEfA,P15,00:26:42,02-palaces/仆役（交友）宫/
T610,BV1KJsLekEfA,P15,00:27:26,02-palaces/仆役（交友）宫/
T611,BV1KJsLekEfA,P17,00:06:36,02-palaces/仆役（交友）宫/
T612,BV1KJsLekEfA,P19,00:12:46,02-palaces/仆役（交友）宫/
T613,BV1KJsLekEfA,P19,00:12:58,02-palaces/仆役（交友）宫/
T614,BV1KJsLekEfA,P19,00:14:28,02-palaces/仆役（交友）宫/
T615,BV1KJsLekEfA,P21,00:16:45,02-palaces/仆役（交友）宫/
T616,BV1KJsLekEfA,P21,00:16:58,02-palaces/仆役（交友）宫/
T617,BV1KJsLekEfA,P21,00:33:48,02-palaces/仆役（交友）宫/
T618,BV1KJsLekEfA,P23（留出讲）,00:13:21,02-palaces/仆役（交友）宫/
T619,BV1KJsLekEfA,P3,00:15:10,02-palaces/官禄宫/
T620,BV1KJsLekEfA,P3,00:15:17,02-palaces/官禄宫/
T621,BV1KJsLekEfA,P5,00:31:27,02-palaces/官禄宫/
T622,BV1KJsLekEfA,P5,00:32:45,02-palaces/官禄宫/
T623,BV1KJsLekEfA,P11,00:25:32,02-palaces/官禄宫/
T624,BV1KJsLekEfA,P11,00:46:06,02-palaces/官禄宫/
T625,BV1KJsLekEfA,P9,00:09:17,02-palaces/官禄宫/
T626,BV1KJsLekEfA,P9,00:09:49,02-palaces/官禄宫/
T627,BV1KJsLekEfA,P9,00:10:05,02-palaces/官禄宫/
T628,BV1KJsLekEfA,P9,00:10:34,02-palaces/官禄宫/
T629,BV1KJsLekEfA,P9,00:10:54,02-palaces/官禄宫/
T630,BV1KJsLekEfA,P9,00:12:07,02-palaces/官禄宫/
T631,BV1KJsLekEfA,P15,00:32:39,02-palaces/官禄宫/
T632,BV1KJsLekEfA,P15,00:32:51,02-palaces/官禄宫/
T633,BV1KJsLekEfA,P15,00:33:09,02-palaces/官禄宫/
T634,BV1KJsLekEfA,P19,00:25:31,02-palaces/官禄宫/
T635,BV1KJsLekEfA,P19,00:48:33,02-palaces/官禄宫/
T636,BV1KJsLekEfA,P21,00:03:31,02-palaces/官禄宫/
T637,BV1KJsLekEfA,P21,00:03:50,02-palaces/官禄宫/
T638,BV1KJsLekEfA,P23（留出讲）,00:05:25,02-palaces/官禄宫/
T639,BV1KJsLekEfA,P23（留出讲）,00:28:37,02-palaces/官禄宫/
T640,BV1KJsLekEfA,P27,00:01:10,02-palaces/官禄宫/
T641,BV1KJsLekEfA,P27,00:19:23,02-palaces/官禄宫/
T642,BV1KJsLekEfA,P25,00:38:08,02-palaces/官禄宫/
T643,BV1KJsLekEfA,P29,00:22:56,02-palaces/官禄宫/
T644,BV1KJsLekEfA,P3,01:06:57,02-palaces/田宅宫/
T645,BV1KJsLekEfA,P3,01:07:16,02-palaces/田宅宫/
T646,BV1KJsLekEfA,P3,01:07:33,02-palaces/田宅宫/
T647,BV1KJsLekEfA,P3,01:07:41,02-palaces/田宅宫/
T648,BV1KJsLekEfA,P3,01:07:51,02-palaces/田宅宫/
T649,BV1KJsLekEfA,P3,01:08:17,02-palaces/田宅宫/
T650,BV1KJsLekEfA,P11,00:47:39,02-palaces/田宅宫/
T651,BV1KJsLekEfA,P9,00:35:21,02-palaces/田宅宫/
T652,BV1KJsLekEfA,P9,00:39:14,02-palaces/田宅宫/
T653,BV1KJsLekEfA,P17,00:01:47,02-palaces/田宅宫/
T654,BV1KJsLekEfA,P21,00:23:51,02-palaces/田宅宫/
T655,BV1KJsLekEfA,P23（留出讲）,00:32:42,02-palaces/田宅宫/
T656,BV1KJsLekEfA,P3,00:38:41,02-palaces/福德宫（女命极重要！）/
T657,BV1KJsLekEfA,P3,00:38:59,02-palaces/福德宫（女命极重要！）/
T658,BV1KJsLekEfA,P3,00:39:58,02-palaces/福德宫（女命极重要！）/
T659,BV1KJsLekEfA,P3,00:40:09,02-palaces/福德宫（女命极重要！）/
T660,BV1KJsLekEfA,P5,00:30:49,02-palaces/福德宫（女命极重要！）/
T661,BV1KJsLekEfA,P9,00:33:22,02-palaces/福德宫（女命极重要！）/
T662,BV1KJsLekEfA,P13（留出讲）,00:06:58,02-palaces/福德宫（女命极重要！）/
T663,BV1KJsLekEfA,P15,00:11:25,02-palaces/福德宫（女命极重要！）/
T664,BV1KJsLekEfA,P15,00:18:11,02-palaces/福德宫（女命极重要！）/
T665,BV1KJsLekEfA,P15,00:19:37,02-palaces/福德宫（女命极重要！）/
T666,BV1KJsLekEfA,P15,00:22:34,02-palaces/福德宫（女命极重要！）/
T667,BV1KJsLekEfA,P15,00:22:39,02-palaces/福德宫（女命极重要！）/
T668,BV1KJsLekEfA,P15,00:47:39,02-palaces/福德宫（女命极重要！）/
T669,BV1KJsLekEfA,P17,00:00:19,02-palaces/福德宫（女命极重要！）/
T670,BV1KJsLekEfA,P17,00:00:30,02-palaces/福德宫（女命极重要！）/
T671,BV1KJsLekEfA,P17,00:01:06,02-palaces/福德宫（女命极重要！）/
T672,BV1KJsLekEfA,P17,00:06:30,02-palaces/福德宫（女命极重要！）/
T673,BV1KJsLekEfA,P17,00:10:21,02-palaces/福德宫（女命极重要！）/
T674,BV1KJsLekEfA,P17,00:20:38,02-palaces/福德宫（女命极重要！）/
T675,BV1KJsLekEfA,P17,00:25:11,02-palaces/福德宫（女命极重要！）/
T676,BV1KJsLekEfA,P17,00:28:38,02-palaces/福德宫（女命极重要！）/
T677,BV1KJsLekEfA,P21,00:20:45,02-palaces/福德宫（女命极重要！）/
T678,BV1KJsLekEfA,P23（留出讲）,00:07:31,02-palaces/福德宫（女命极重要！）/
T679,BV1KJsLekEfA,P23（留出讲）,00:19:47,02-palaces/福德宫（女命极重要！）/
T680,BV1KJsLekEfA,P23（留出讲）,00:36:50,02-palaces/福德宫（女命极重要！）/
T681,BV1KJsLekEfA,P23（留出讲）,00:40:36,02-palaces/福德宫（女命极重要！）/
T682,BV1KJsLekEfA,P27,00:01:39,02-palaces/福德宫（女命极重要！）/
T683,BV1KJsLekEfA,P25,00:32:56,02-palaces/福德宫（女命极重要！）/
T684,BV1KJsLekEfA,P3,00:31:08,02-palaces/父母宫/
T685,BV1KJsLekEfA,P3,00:31:38,02-palaces/父母宫/
T686,BV1KJsLekEfA,P3,00:31:52,02-palaces/父母宫/
T687,BV1KJsLekEfA,P3,00:34:58,02-palaces/父母宫/
T688,BV1KJsLekEfA,P3,00:35:04,02-palaces/父母宫/
T689,BV1KJsLekEfA,P3,00:36:13,02-palaces/父母宫/
T690,BV1KJsLekEfA,P5,00:11:14,02-palaces/父母宫/
T691,BV1KJsLekEfA,P7,00:26:09,02-palaces/父母宫/
T692,BV1KJsLekEfA,P11,00:30:53,02-palaces/父母宫/
T693,BV1KJsLekEfA,P11,00:47:57,02-palaces/父母宫/
T694,BV1KJsLekEfA,P11,00:57:03,02-palaces/父母宫/
T695,BV1KJsLekEfA,P11,00:57:11,02-palaces/父母宫/
T696,BV1KJsLekEfA,P11,00:57:28,02-palaces/父母宫/
T697,BV1KJsLekEfA,P9,00:20:01,02-palaces/父母宫/
T698,BV1KJsLekEfA,P9,00:19:49,02-palaces/父母宫/
T699,BV1KJsLekEfA,P13（留出讲）,00:06:19,02-palaces/父母宫/
T700,BV1KJsLekEfA,P13（留出讲）,00:57:14,02-palaces/父母宫/
T701,BV1KJsLekEfA,P15,00:37:12,02-palaces/父母宫/
T702,BV1KJsLekEfA,P17,00:05:53,02-palaces/父母宫/
T703,BV1KJsLekEfA,P17,00:16:41,02-palaces/父母宫/
T704,BV1KJsLekEfA,P17,00:42:29,02-palaces/父母宫/
T705,BV1KJsLekEfA,P21,00:00:46,02-palaces/父母宫/
T706,BV1KJsLekEfA,P21,00:02:05,02-palaces/父母宫/
T707,BV1KJsLekEfA,P21,00:11:07,02-palaces/父母宫/
T708,BV1KJsLekEfA,P21,00:11:57,02-palaces/父母宫/
T709,BV1KJsLekEfA,P21,00:19:56,02-palaces/父母宫/
T710,BV1KJsLekEfA,P23（留出讲）,00:01:58,02-palaces/父母宫/
T711,BV1KJsLekEfA,P23（留出讲）,00:04:44,02-palaces/父母宫/
T712,BV1KJsLekEfA,P27,00:00:56,02-palaces/父母宫/
T713,BV1KJsLekEfA,P27,00:11:36,02-palaces/父母宫/
T714,BV1KJsLekEfA,P27,00:23:59,02-palaces/父母宫/
T715,BV1KJsLekEfA,P27,00:32:20,02-palaces/父母宫/
T716,BV1KJsLekEfA,P25,00:07:50,02-palaces/父母宫/
T717,BV1KJsLekEfA,P25,00:17:27,02-palaces/父母宫/
T718,BV1KJsLekEfA,P29,00:13:32,02-palaces/父母宫/
T719,BV1KJsLekEfA,P29,00:14:26,02-palaces/父母宫/
T720,BV1KJsLekEfA,P29,00:28:29,02-palaces/父母宫/
T721,BV1KJsLekEfA,P3,00:28:50,02-palaces/附：宫位看相对应/
T722,BV1KJsLekEfA,P3,00:32:31,02-palaces/附：宫位看相对应/
T723,BV1KJsLekEfA,P3,00:32:48,02-palaces/附：宫位看相对应/
T724,BV1KJsLekEfA,P3,00:33:36,02-palaces/附：宫位看相对应/
T725,BV1KJsLekEfA,P3,00:34:14,02-palaces/附：宫位看相对应/
T726,BV1KJsLekEfA,P3,00:34:34,02-palaces/附：宫位看相对应/
T727,BV1KJsLekEfA,P3,00:43:32,02-palaces/附：宫位看相对应/
T728,BV1KJsLekEfA,P3,00:44:04,02-palaces/附：宫位看相对应/
T729,BV1KJsLekEfA,P3,00:53:18,02-palaces/附：宫位看相对应/
T730,BV1KJsLekEfA,P3,00:53:31,02-palaces/附：宫位看相对应/
T731,BV1KJsLekEfA,P3,00:53:43,02-palaces/附：宫位看相对应/
T732,BV1KJsLekEfA,P3,00:53:51,02-palaces/附：宫位看相对应/
T733,BV1KJsLekEfA,P3,00:54:17,02-palaces/附：宫位看相对应/
T734,BV1KJsLekEfA,P9,00:30:22,02-palaces/附：宫位看相对应/
T735,BV1KJsLekEfA,P9,00:30:50,02-palaces/附：宫位看相对应/
T736,BV1KJsLekEfA,P15,00:45:05,02-palaces/附：宫位看相对应/
T737,BV1KJsLekEfA,P15,00:50:36,02-palaces/附：宫位看相对应/
T738,BV1KJsLekEfA,P17,00:35:33,02-palaces/附：宫位看相对应/
T739,BV1KJsLekEfA,P17,00:43:22,02-palaces/附：宫位看相对应/
T740,BV1KJsLekEfA,P17,00:47:31,02-palaces/附：宫位看相对应/
T741,BV1KJsLekEfA,P29,00:08:44,02-palaces/附：宫位看相对应/
T742,BV1KJsLekEfA,P29,00:11:47,02-palaces/附：宫位看相对应/
T743,BV1KJsLekEfA,P29,00:29:27,02-palaces/附：宫位看相对应/
T744,BV1KJsLekEfA,P29,00:32:46,02-palaces/附：宫位看相对应/
T745,BV1KJsLekEfA,P11,00:24:12,03-patterns/一、必定成格（吉格）/4. 日月反背（反夹命）
T746,BV1KJsLekEfA,P11,00:12:40,03-patterns/一、必定成格（吉格）/4. 日月反背（反夹命）
T747,BV1KJsLekEfA,P11,00:13:06,03-patterns/一、必定成格（吉格）/4. 日月反背（反夹命）
T748,BV1KJsLekEfA,P11,00:13:19,03-patterns/一、必定成格（吉格）/4. 日月反背（反夹命）
T749,BV1KJsLekEfA,P9,00:19:29,03-patterns/一、必定成格（吉格）/4. 日月反背（反夹命）
T750,BV1KJsLekEfA,P9,00:20:13,03-patterns/一、必定成格（吉格）/4. 日月反背（反夹命）
T751,BV1KJsLekEfA,P9,00:20:40,03-patterns/一、必定成格（吉格）/4. 日月反背（反夹命）
T752,BV1KJsLekEfA,P13（留出讲）,00:02:03,03-patterns/一、必定成格（吉格）/4. 日月反背（反夹命）
T753,BV1KJsLekEfA,P15,00:20:22,03-patterns/一、必定成格（吉格）/4. 日月反背（反夹命）
T754,BV1KJsLekEfA,P15,00:20:32,03-patterns/一、必定成格（吉格）/4. 日月反背（反夹命）
T755,BV1KJsLekEfA,P17,00:41:34,03-patterns/一、必定成格（吉格）/4. 日月反背（反夹命）
T756,BV1KJsLekEfA,P23（留出讲）,00:01:00,03-patterns/一、必定成格（吉格）/4. 日月反背（反夹命）
T757,BV1KJsLekEfA,P23（留出讲）,00:09:11,03-patterns/一、必定成格（吉格）/4. 日月反背（反夹命）
T758,BV1KJsLekEfA,P23（留出讲）,00:14:14,03-patterns/一、必定成格（吉格）/4. 日月反背（反夹命）
T759,BV1KJsLekEfA,P23（留出讲）,00:17:22,03-patterns/一、必定成格（吉格）/4. 日月反背（反夹命）
T760,BV1KJsLekEfA,P27,00:14:34,03-patterns/一、必定成格（吉格）/4. 日月反背（反夹命）
T761,BV1KJsLekEfA,P27,00:23:15,03-patterns/一、必定成格（吉格）/4. 日月反背（反夹命）
T762,BV1KJsLekEfA,P29,00:28:56,03-patterns/一、必定成格（吉格）/4. 日月反背（反夹命）
T763,BV1KJsLekEfA,P29,00:29:09,03-patterns/一、必定成格（吉格）/4. 日月反背（反夹命）
T764,BV1KJsLekEfA,P29,00:30:40,03-patterns/一、必定成格（吉格）/4. 日月反背（反夹命）
T765,BV1KJsLekEfA,P7,00:15:33,03-patterns/一、必定成格（吉格）/总格取舍
T766,BV1KJsLekEfA,P7,00:16:19,03-patterns/一、必定成格（吉格）/总格取舍
T767,BV1KJsLekEfA,P7,00:19:57,03-patterns/一、必定成格（吉格）/总格取舍
T768,BV1KJsLekEfA,P7,00:28:43,03-patterns/一、必定成格（吉格）/总格取舍
T769,BV1KJsLekEfA,P9,00:01:02,03-patterns/一、必定成格（吉格）/总格取舍
T770,BV1KJsLekEfA,P9,00:34:39,03-patterns/一、必定成格（吉格）/总格取舍
T771,BV1KJsLekEfA,P13（留出讲）,00:43:44,03-patterns/一、必定成格（吉格）/总格取舍
T772,BV1KJsLekEfA,P15,00:01:33,03-patterns/一、必定成格（吉格）/总格取舍
T773,BV1KJsLekEfA,P15,00:20:57,03-patterns/一、必定成格（吉格）/总格取舍
T774,BV1KJsLekEfA,P21,00:01:38,03-patterns/一、必定成格（吉格）/总格取舍
T775,BV1KJsLekEfA,P7,00:16:39,03-patterns/一、必定成格（吉格）/日月夹财
T776,BV1KJsLekEfA,P7,00:16:51,03-patterns/一、必定成格（吉格）/日月夹财
T777,BV1KJsLekEfA,P7,00:17:49,03-patterns/一、必定成格（吉格）/紫府夹权
T778,BV1KJsLekEfA,P7,00:18:34,03-patterns/一、必定成格（吉格）/魁钺夹贵
T779,BV1KJsLekEfA,P7,00:50:17,03-patterns/一、必定成格（吉格）/禄马交驰
T780,BV1KJsLekEfA,P7,00:50:41,03-patterns/一、必定成格（吉格）/禄马交驰
T781,BV1KJsLekEfA,P7,00:50:50,03-patterns/一、必定成格（吉格）/禄马交驰
T782,BV1KJsLekEfA,P25,00:15:42,03-patterns/一、必定成格（吉格）/禄马交驰
T783,BV1KJsLekEfA,P11,00:42:47,03-patterns/一、必定成格（吉格）/紫府作垣
T784,BV1KJsLekEfA,P11,00:43:17,03-patterns/一、必定成格（吉格）/紫府作垣
T785,BV1KJsLekEfA,P11,00:44:37,03-patterns/一、必定成格（吉格）/紫府作垣
T786,BV1KJsLekEfA,P11,00:45:16,03-patterns/一、必定成格（吉格）/紫府作垣
T787,BV1KJsLekEfA,P13（留出讲）,00:56:02,03-patterns/一、必定成格（吉格）/紫府作垣
T788,BV1KJsLekEfA,P25,00:05:58,03-patterns/一、必定成格（吉格）/紫府作垣
T789,BV1KJsLekEfA,P11,00:43:39,03-patterns/一、必定成格（吉格）/七杀朝斗
T790,BV1KJsLekEfA,P11,00:45:23,03-patterns/一、必定成格（吉格）/七杀朝斗
T791,BV1KJsLekEfA,P13（留出讲）,00:56:15,03-patterns/一、必定成格（吉格）/七杀朝斗
T792,BV1KJsLekEfA,P13（留出讲）,00:09:51,03-patterns/一、必定成格（吉格）/巨日格
T793,BV1KJsLekEfA,P13（留出讲）,00:10:27,03-patterns/一、必定成格（吉格）/巨日格
T794,BV1KJsLekEfA,P13（留出讲）,00:10:46,03-patterns/一、必定成格（吉格）/巨日格
T795,BV1KJsLekEfA,P13（留出讲）,00:31:02,03-patterns/一、必定成格（吉格）/巨日格
T796,BV1KJsLekEfA,P13（留出讲）,00:31:43,03-patterns/一、必定成格（吉格）/巨日格
T797,BV1KJsLekEfA,P13（留出讲）,00:56:51,03-patterns/一、必定成格（吉格）/巨日格
T798,BV1KJsLekEfA,P15,00:02:30,03-patterns/一、必定成格（吉格）/巨日格
T799,BV1KJsLekEfA,P15,00:02:49,03-patterns/一、必定成格（吉格）/巨日格
T800,BV1KJsLekEfA,P15,00:03:08,03-patterns/一、必定成格（吉格）/巨日格
T801,BV1KJsLekEfA,P21,00:12:25,03-patterns/一、必定成格（吉格）/巨日格
T802,BV1KJsLekEfA,P21,00:12:37,03-patterns/一、必定成格（吉格）/巨日格
T803,BV1KJsLekEfA,P21,00:13:00,03-patterns/一、必定成格（吉格）/巨日格
T804,BV1KJsLekEfA,P21,00:13:34,03-patterns/一、必定成格（吉格）/巨日格
T805,BV1KJsLekEfA,P23（留出讲）,00:00:53,03-patterns/一、必定成格（吉格）/巨日格
T806,BV1KJsLekEfA,P23（留出讲）,00:04:08,03-patterns/一、必定成格（吉格）/巨日格
T807,BV1KJsLekEfA,P23（留出讲）,00:08:01,03-patterns/一、必定成格（吉格）/巨日格
T808,BV1KJsLekEfA,P25,00:36:57,03-patterns/一、必定成格（吉格）/巨日格
T809,BV1KJsLekEfA,P29,00:01:58,03-patterns/一、必定成格（吉格）/巨日格
T810,BV1KJsLekEfA,P29,00:02:08,03-patterns/一、必定成格（吉格）/巨日格
T811,BV1KJsLekEfA,P29,00:33:48,03-patterns/一、必定成格（吉格）/巨日格
T812,BV1KJsLekEfA,P13（留出讲）,00:14:20,03-patterns/一、必定成格（吉格）/将星得地
T813,BV1KJsLekEfA,P15,00:07:34,03-patterns/一、必定成格（吉格）/将星得地
T814,BV1KJsLekEfA,P15,00:07:49,03-patterns/一、必定成格（吉格）/将星得地
T815,BV1KJsLekEfA,P19,00:00:32,03-patterns/一、必定成格（吉格）/将星得地
T816,BV1KJsLekEfA,P13（留出讲）,00:22:43,03-patterns/一、必定成格（吉格）/雄宿朝元
T817,BV1KJsLekEfA,P13（留出讲）,00:23:09,03-patterns/一、必定成格（吉格）/雄宿朝元
T818,BV1KJsLekEfA,P13（留出讲）,00:23:37,03-patterns/一、必定成格（吉格）/雄宿朝元
T819,BV1KJsLekEfA,P13（留出讲）,00:23:56,03-patterns/一、必定成格（吉格）/雄宿朝元
T820,BV1KJsLekEfA,P15,00:05:02,03-patterns/一、必定成格（吉格）/雄宿朝元
T821,BV1KJsLekEfA,P15,00:06:10,03-patterns/一、必定成格（吉格）/雄宿朝元
T822,BV1KJsLekEfA,P13（留出讲）,00:39:53,03-patterns/一、必定成格（吉格）/明珠出海格
T823,BV1KJsLekEfA,P13（留出讲）,00:40:48,03-patterns/一、必定成格（吉格）/明珠出海格
T824,BV1KJsLekEfA,P13（留出讲）,00:41:05,03-patterns/一、必定成格（吉格）/明珠出海格
T825,BV1KJsLekEfA,P13（留出讲）,00:41:27,03-patterns/一、必定成格（吉格）/明珠出海格
T826,BV1KJsLekEfA,P13（留出讲）,00:41:50,03-patterns/一、必定成格（吉格）/明珠出海格
T827,BV1KJsLekEfA,P13（留出讲）,00:45:55,03-patterns/一、必定成格（吉格）/明珠出海格
T828,BV1KJsLekEfA,P13（留出讲）,00:49:54,03-patterns/一、必定成格（吉格）/明珠出海格
T829,BV1KJsLekEfA,P13（留出讲）,00:50:24,03-patterns/一、必定成格（吉格）/明珠出海格
T830,BV1KJsLekEfA,P13（留出讲）,00:50:40,03-patterns/一、必定成格（吉格）/明珠出海格
T831,BV1KJsLekEfA,P13（留出讲）,00:56:37,03-patterns/一、必定成格（吉格）/明珠出海格
T832,BV1KJsLekEfA,P13（留出讲）,00:40:34,03-patterns/一、必定成格（吉格）/明珠出海格
T833,BV1KJsLekEfA,P13（留出讲）,00:42:18,03-patterns/一、必定成格（吉格）/明珠出海格
T834,BV1KJsLekEfA,P15,00:00:42,03-patterns/一、必定成格（吉格）/日丽中天
T835,BV1KJsLekEfA,P15,00:01:07,03-patterns/一、必定成格（吉格）/日丽中天
T836,BV1KJsLekEfA,P15,00:01:24,03-patterns/一、必定成格（吉格）/日丽中天
T837,BV1KJsLekEfA,P15,00:01:51,03-patterns/一、必定成格（吉格）/日丽中天
T838,BV1KJsLekEfA,P15,00:03:22,03-patterns/一、必定成格（吉格）/日丽中天
T839,BV1KJsLekEfA,P15,00:03:44,03-patterns/一、必定成格（吉格）/日丽中天
T840,BV1KJsLekEfA,P27,00:15:16,03-patterns/一、必定成格（吉格）/机月同梁
T841,BV1KJsLekEfA,P27,00:15:41,03-patterns/一、必定成格（吉格）/机月同梁
T842,BV1KJsLekEfA,P27,00:17:21,03-patterns/一、必定成格（吉格）/机月同梁
T843,BV1KJsLekEfA,P3,00:40:09,03-patterns/二、凶格/10. 半空折翅（廉贞贪狼落陷冲命）
T844,BV1KJsLekEfA,P5,00:33:23,03-patterns/二、凶格/10. 半空折翅（廉贞贪狼落陷冲命）
T845,BV1KJsLekEfA,P11,00:04:09,03-patterns/二、凶格/10. 半空折翅（廉贞贪狼落陷冲命）
T846,BV1KJsLekEfA,P11,00:04:55,03-patterns/二、凶格/10. 半空折翅（廉贞贪狼落陷冲命）
T847,BV1KJsLekEfA,P11,00:05:34,03-patterns/二、凶格/10. 半空折翅（廉贞贪狼落陷冲命）
T848,BV1KJsLekEfA,P11,00:14:58,03-patterns/二、凶格/10. 半空折翅（廉贞贪狼落陷冲命）
T849,BV1KJsLekEfA,P13（留出讲）,00:47:58,03-patterns/二、凶格/10. 半空折翅（廉贞贪狼落陷冲命）
T850,BV1KJsLekEfA,P17,00:37:30,03-patterns/二、凶格/10. 半空折翅（廉贞贪狼落陷冲命）
T851,BV1KJsLekEfA,P23（留出讲）,00:00:30,03-patterns/二、凶格/10. 半空折翅（廉贞贪狼落陷冲命）
T852,BV1KJsLekEfA,P27,00:16:32,03-patterns/二、凶格/10. 半空折翅（廉贞贪狼落陷冲命）
T853,BV1KJsLekEfA,P27,00:16:45,03-patterns/二、凶格/10. 半空折翅（廉贞贪狼落陷冲命）
T854,BV1KJsLekEfA,P25,00:05:02,03-patterns/二、凶格/10. 半空折翅（廉贞贪狼落陷冲命）
T855,BV1KJsLekEfA,P7,00:19:45,03-patterns/二、凶格/12. 杀夹杀（七杀破军贪狼遇羊陀火铃）
T856,BV1KJsLekEfA,P7,00:18:45,03-patterns/二、凶格/12. 杀夹杀（七杀破军贪狼遇羊陀火铃）
T857,BV1KJsLekEfA,P7,00:18:58,03-patterns/二、凶格/12. 杀夹杀（七杀破军贪狼遇羊陀火铃）
T858,BV1KJsLekEfA,P7,00:19:16,03-patterns/二、凶格/12. 杀夹杀（七杀破军贪狼遇羊陀火铃）
T859,BV1KJsLekEfA,P7,00:44:54,03-patterns/二、凶格/天罗地网
T860,BV1KJsLekEfA,P11,00:05:18,03-patterns/二、凶格/天罗地网
T861,BV1KJsLekEfA,P11,00:15:36,03-patterns/二、凶格/天罗地网
T862,BV1KJsLekEfA,P17,00:00:37,03-patterns/二、凶格/水中作冢
T863,BV1KJsLekEfA,P23（留出讲）,00:22:11,03-patterns/二、凶格/水中作冢
T864,BV1KJsLekEfA,P23（留出讲）,00:24:53,03-patterns/二、凶格/水中作冢
T865,BV1KJsLekEfA,P27,00:30:51,03-patterns/二、凶格/孤鸾命
T866,BV1KJsLekEfA,P27,00:31:40,03-patterns/二、凶格/孤鸾命
T867,BV1KJsLekEfA,P27,00:32:12,03-patterns/二、凶格/孤鸾命
T868,BV1KJsLekEfA,P27,00:37:26,03-patterns/二、凶格/孤鸾命
T869,BV1KJsLekEfA,P27,00:37:46,03-patterns/二、凶格/孤鸾命
T870,BV1KJsLekEfA,P29,00:03:31,03-patterns/二、凶格/刑夫克子
T871,BV1KJsLekEfA,P29,00:05:11,03-patterns/二、凶格/刑夫克子
T872,BV1KJsLekEfA,P5,00:00:48,04-sihua/一、四化总论 / 看盘顺序/
T873,BV1KJsLekEfA,P5,00:00:58,04-sihua/一、四化总论 / 看盘顺序/
T874,BV1KJsLekEfA,P17,00:03:55,04-sihua/一、四化总论 / 看盘顺序/
T875,BV1KJsLekEfA,P21,00:30:03,04-sihua/一、四化总论 / 看盘顺序/
T876,BV1KJsLekEfA,P23（留出讲）,00:13:53,04-sihua/一、四化总论 / 看盘顺序/
T877,BV1KJsLekEfA,P48,00:38:19,04-sihua/一、四化总论 / 看盘顺序/
T878,BV1KJsLekEfA,P48,00:42:09,04-sihua/一、四化总论 / 看盘顺序/
T879,BV1KJsLekEfA,P48,00:48:09,04-sihua/一、四化总论 / 看盘顺序/
T880,BV1KJsLekEfA,P48,00:49:07,04-sihua/一、四化总论 / 看盘顺序/
T881,BV1KJsLekEfA,P48,00:50:05,04-sihua/一、四化总论 / 看盘顺序/
T882,BV1KJsLekEfA,P5,00:01:17,04-sihua/二、四化是否会动？（倪师立场，重要）★/
T883,BV1KJsLekEfA,P5,00:01:22,04-sihua/二、四化是否会动？（倪师立场，重要）★/
T884,BV1KJsLekEfA,P5,00:01:27,04-sihua/二、四化是否会动？（倪师立场，重要）★/
T885,BV1KJsLekEfA,P5,00:01:31,04-sihua/二、四化是否会动？（倪师立场，重要）★/
T886,BV1KJsLekEfA,P5,00:01:36,04-sihua/二、四化是否会动？（倪师立场，重要）★/
T887,BV1KJsLekEfA,P5,00:01:50,04-sihua/三、化科 · 主名声、考试、专业、才艺/3.1 核心定性
T888,BV1KJsLekEfA,P5,00:01:55,04-sihua/三、化科 · 主名声、考试、专业、才艺/3.1 核心定性
T889,BV1KJsLekEfA,P5,00:02:14,04-sihua/三、化科 · 主名声、考试、专业、才艺/3.1 核心定性
T890,BV1KJsLekEfA,P5,00:02:19,04-sihua/三、化科 · 主名声、考试、专业、才艺/3.1 核心定性
T891,BV1KJsLekEfA,P5,00:02:27,04-sihua/三、化科 · 主名声、考试、专业、才艺/3.1 核心定性
T892,BV1KJsLekEfA,P5,00:02:44,04-sihua/三、化科 · 主名声、考试、专业、才艺/3.1 核心定性
T893,BV1KJsLekEfA,P9,00:15:02,04-sihua/三、化科 · 主名声、考试、专业、才艺/3.1 核心定性
T894,BV1KJsLekEfA,P9,00:15:19,04-sihua/三、化科 · 主名声、考试、专业、才艺/3.1 核心定性
T895,BV1KJsLekEfA,P15,00:39:39,04-sihua/三、化科 · 主名声、考试、专业、才艺/3.1 核心定性
T896,BV1KJsLekEfA,P15,00:43:29,04-sihua/三、化科 · 主名声、考试、专业、才艺/3.1 核心定性
T897,BV1KJsLekEfA,P15,00:44:19,04-sihua/三、化科 · 主名声、考试、专业、才艺/3.1 核心定性
T898,BV1KJsLekEfA,P21,00:06:43,04-sihua/三、化科 · 主名声、考试、专业、才艺/3.1 核心定性
T899,BV1KJsLekEfA,P21,00:30:15,04-sihua/三、化科 · 主名声、考试、专业、才艺/3.1 核心定性
T900,BV1KJsLekEfA,P23（留出讲）,00:04:46,04-sihua/三、化科 · 主名声、考试、专业、才艺/3.1 核心定性
T901,BV1KJsLekEfA,P23（留出讲）,00:15:05,04-sihua/三、化科 · 主名声、考试、专业、才艺/3.1 核心定性
T902,BV1KJsLekEfA,P23（留出讲）,00:37:29,04-sihua/三、化科 · 主名声、考试、专业、才艺/3.1 核心定性
T903,BV1KJsLekEfA,P23（留出讲）,00:41:30,04-sihua/三、化科 · 主名声、考试、专业、才艺/3.1 核心定性
T904,BV1KJsLekEfA,P27,00:11:48,04-sihua/三、化科 · 主名声、考试、专业、才艺/3.1 核心定性
T905,BV1KJsLekEfA,P25,00:12:57,04-sihua/三、化科 · 主名声、考试、专业、才艺/3.1 核心定性
T906,BV1KJsLekEfA,P25,00:16:27,04-sihua/三、化科 · 主名声、考试、专业、才艺/3.1 核心定性
T907,BV1KJsLekEfA,P25,00:36:23,04-sihua/三、化科 · 主名声、考试、专业、才艺/3.1 核心定性
T908,BV1KJsLekEfA,P29,00:22:43,04-sihua/三、化科 · 主名声、考试、专业、才艺/3.1 核心定性
T909,BV1KJsLekEfA,P5,00:02:54,04-sihua/三、化科 · 主名声、考试、专业、才艺/3.3 化科在各宫
T910,BV1KJsLekEfA,P5,00:03:18,04-sihua/三、化科 · 主名声、考试、专业、才艺/3.3 化科在各宫
T911,BV1KJsLekEfA,P9,00:15:26,04-sihua/三、化科 · 主名声、考试、专业、才艺/3.3 化科在各宫
T912,BV1KJsLekEfA,P9,00:15:33,04-sihua/三、化科 · 主名声、考试、专业、才艺/3.3 化科在各宫
T913,BV1KJsLekEfA,P15,00:11:55,04-sihua/三、化科 · 主名声、考试、专业、才艺/3.3 化科在各宫
T914,BV1KJsLekEfA,P21,00:03:18,04-sihua/三、化科 · 主名声、考试、专业、才艺/3.3 化科在各宫
T915,BV1KJsLekEfA,P21,00:03:39,04-sihua/三、化科 · 主名声、考试、专业、才艺/3.3 化科在各宫
T916,BV1KJsLekEfA,P21,00:10:01,04-sihua/三、化科 · 主名声、考试、专业、才艺/3.3 化科在各宫
T917,BV1KJsLekEfA,P21,00:30:49,04-sihua/三、化科 · 主名声、考试、专业、才艺/3.3 化科在各宫
T918,BV1KJsLekEfA,P23（留出讲）,00:14:55,04-sihua/三、化科 · 主名声、考试、专业、才艺/3.3 化科在各宫
T919,BV1KJsLekEfA,P27,00:22:56,04-sihua/三、化科 · 主名声、考试、专业、才艺/3.3 化科在各宫
T920,BV1KJsLekEfA,P27,00:33:54,04-sihua/三、化科 · 主名声、考试、专业、才艺/3.3 化科在各宫
T921,BV1KJsLekEfA,P5,00:05:25,04-sihua/四、化权 · 主官印、性刚、领导/4.1 核心定性
T922,BV1KJsLekEfA,P5,00:06:28,04-sihua/四、化权 · 主官印、性刚、领导/4.1 核心定性
T923,BV1KJsLekEfA,P5,00:06:37,04-sihua/四、化权 · 主官印、性刚、领导/4.1 核心定性
T924,BV1KJsLekEfA,P5,00:07:01,04-sihua/四、化权 · 主官印、性刚、领导/4.1 核心定性
T925,BV1KJsLekEfA,P5,00:09:51,04-sihua/四、化权 · 主官印、性刚、领导/4.1 核心定性
T926,BV1KJsLekEfA,P15,00:43:50,04-sihua/四、化权 · 主官印、性刚、领导/4.1 核心定性
T927,BV1KJsLekEfA,P17,00:41:25,04-sihua/四、化权 · 主官印、性刚、领导/4.1 核心定性
T928,BV1KJsLekEfA,P17,00:49:20,04-sihua/四、化权 · 主官印、性刚、领导/4.1 核心定性
T929,BV1KJsLekEfA,P19,00:24:46,04-sihua/四、化权 · 主官印、性刚、领导/4.1 核心定性
T930,BV1KJsLekEfA,P19,00:47:22,04-sihua/四、化权 · 主官印、性刚、领导/4.1 核心定性
T931,BV1KJsLekEfA,P21,00:03:43,04-sihua/四、化权 · 主官印、性刚、领导/4.1 核心定性
T932,BV1KJsLekEfA,P21,00:17:41,04-sihua/四、化权 · 主官印、性刚、领导/4.1 核心定性
T933,BV1KJsLekEfA,P25,00:32:08,04-sihua/四、化权 · 主官印、性刚、领导/4.1 核心定性
T934,BV1KJsLekEfA,P25,00:38:16,04-sihua/四、化权 · 主官印、性刚、领导/4.1 核心定性
T935,BV1KJsLekEfA,P5,00:06:19,04-sihua/四、化权 · 主官印、性刚、领导/4.3 权 + 路 → 商
T936,BV1KJsLekEfA,P21,00:04:22,04-sihua/四、化权 · 主官印、性刚、领导/4.3 权 + 路 → 商
T937,BV1KJsLekEfA,P21,00:14:21,04-sihua/四、化权 · 主官印、性刚、领导/4.3 权 + 路 → 商
T938,BV1KJsLekEfA,P21,00:16:37,04-sihua/四、化权 · 主官印、性刚、领导/4.3 权 + 路 → 商
T939,BV1KJsLekEfA,P5,00:10:24,04-sihua/五、化禄 · 主财禄、家业/5.1 核心定性
T940,BV1KJsLekEfA,P27,00:00:23,04-sihua/五、化禄 · 主财禄、家业/5.1 核心定性
T941,BV1KJsLekEfA,P5,00:11:14,04-sihua/五、化禄 · 主财禄、家业/5.2 化禄 = 后天发展、做事业
T942,BV1KJsLekEfA,P11,00:50:11,04-sihua/五、化禄 · 主财禄、家业/5.2 化禄 = 后天发展、做事业
T943,BV1KJsLekEfA,P15,00:19:52,04-sihua/五、化禄 · 主财禄、家业/5.2 化禄 = 后天发展、做事业
T944,BV1KJsLekEfA,P19,00:05:58,04-sihua/五、化禄 · 主财禄、家业/5.2 化禄 = 后天发展、做事业
T945,BV1KJsLekEfA,P19,00:09:38,04-sihua/五、化禄 · 主财禄、家业/5.2 化禄 = 后天发展、做事业
T946,BV1KJsLekEfA,P19,00:21:22,04-sihua/五、化禄 · 主财禄、家业/5.2 化禄 = 后天发展、做事业
T947,BV1KJsLekEfA,P19,00:25:10,04-sihua/五、化禄 · 主财禄、家业/5.2 化禄 = 后天发展、做事业
T948,BV1KJsLekEfA,P19,00:40:47,04-sihua/五、化禄 · 主财禄、家业/5.2 化禄 = 后天发展、做事业
T949,BV1KJsLekEfA,P21,00:03:47,04-sihua/五、化禄 · 主财禄、家业/5.2 化禄 = 后天发展、做事业
T950,BV1KJsLekEfA,P23（留出讲）,00:05:10,04-sihua/五、化禄 · 主财禄、家业/5.2 化禄 = 后天发展、做事业
T951,BV1KJsLekEfA,P27,00:15:51,04-sihua/五、化禄 · 主财禄、家业/5.2 化禄 = 后天发展、做事业
T952,BV1KJsLekEfA,P25,00:05:32,04-sihua/五、化禄 · 主财禄、家业/5.2 化禄 = 后天发展、做事业
T953,BV1KJsLekEfA,P25,00:26:44,04-sihua/五、化禄 · 主财禄、家业/5.2 化禄 = 后天发展、做事业
T954,BV1KJsLekEfA,P5,00:11:26,04-sihua/五、化禄 · 主财禄、家业/5.3 命宫化禄的警示
T955,BV1KJsLekEfA,P3,00:26:34,04-sihua/六、化忌 · 主劫杀、想不开/6.1 核心定性
T956,BV1KJsLekEfA,P3,00:51:33,04-sihua/六、化忌 · 主劫杀、想不开/6.1 核心定性
T957,BV1KJsLekEfA,P5,00:13:51,04-sihua/六、化忌 · 主劫杀、想不开/6.1 核心定性
T958,BV1KJsLekEfA,P7,00:46:19,04-sihua/六、化忌 · 主劫杀、想不开/6.1 核心定性
T959,BV1KJsLekEfA,P17,00:07:08,04-sihua/六、化忌 · 主劫杀、想不开/6.1 核心定性
T960,BV1KJsLekEfA,P19,00:41:02,04-sihua/六、化忌 · 主劫杀、想不开/6.1 核心定性
T961,BV1KJsLekEfA,P23（留出讲）,00:27:18,04-sihua/六、化忌 · 主劫杀、想不开/6.1 核心定性
T962,BV1KJsLekEfA,P27,00:14:13,04-sihua/六、化忌 · 主劫杀、想不开/6.1 核心定性
T963,BV1KJsLekEfA,P27,00:29:27,04-sihua/六、化忌 · 主劫杀、想不开/6.1 核心定性
T964,BV1KJsLekEfA,P25,00:12:30,04-sihua/六、化忌 · 主劫杀、想不开/6.1 核心定性
T965,BV1KJsLekEfA,P25,00:32:44,04-sihua/六、化忌 · 主劫杀、想不开/6.1 核心定性
T966,BV1KJsLekEfA,P29,00:01:56,04-sihua/六、化忌 · 主劫杀、想不开/6.1 核心定性
T967,BV1KJsLekEfA,P29,00:03:03,04-sihua/六、化忌 · 主劫杀、想不开/6.1 核心定性
T968,BV1KJsLekEfA,P5,00:14:13,04-sihua/六、化忌 · 主劫杀、想不开/6.2 化忌的杀力
T969,BV1KJsLekEfA,P15,00:40:24,04-sihua/六、化忌 · 主劫杀、想不开/6.2 化忌的杀力
T970,BV1KJsLekEfA,P17,00:37:21,04-sihua/六、化忌 · 主劫杀、想不开/6.2 化忌的杀力
T971,BV1KJsLekEfA,P23（留出讲）,00:00:26,04-sihua/六、化忌 · 主劫杀、想不开/6.2 化忌的杀力
T972,BV1KJsLekEfA,P23（留出讲）,00:10:26,04-sihua/六、化忌 · 主劫杀、想不开/6.2 化忌的杀力
T973,BV1KJsLekEfA,P23（留出讲）,00:41:15,04-sihua/六、化忌 · 主劫杀、想不开/6.2 化忌的杀力
T974,BV1KJsLekEfA,P27,00:00:51,04-sihua/六、化忌 · 主劫杀、想不开/6.2 化忌的杀力
T975,BV1KJsLekEfA,P27,00:03:12,04-sihua/六、化忌 · 主劫杀、想不开/6.2 化忌的杀力
T976,BV1KJsLekEfA,P27,00:15:06,04-sihua/六、化忌 · 主劫杀、想不开/6.2 化忌的杀力
T977,BV1KJsLekEfA,P27,00:21:02,04-sihua/六、化忌 · 主劫杀、想不开/6.2 化忌的杀力
T978,BV1KJsLekEfA,P5,00:14:24,"04-sihua/六、化忌 · 主劫杀、想不开/6.3 化忌主""想不开"""
T979,BV1KJsLekEfA,P5,00:15:40,"04-sihua/六、化忌 · 主劫杀、想不开/6.3 化忌主""想不开"""
T980,BV1KJsLekEfA,P5,00:15:51,"04-sihua/六、化忌 · 主劫杀、想不开/6.3 化忌主""想不开"""
T981,BV1KJsLekEfA,P13（留出讲）,00:51:30,"04-sihua/六、化忌 · 主劫杀、想不开/6.3 化忌主""想不开"""
T982,BV1KJsLekEfA,P13（留出讲）,00:51:42,"04-sihua/六、化忌 · 主劫杀、想不开/6.3 化忌主""想不开"""
T983,BV1KJsLekEfA,P19,00:43:42,"04-sihua/六、化忌 · 主劫杀、想不开/6.3 化忌主""想不开"""
T984,BV1KJsLekEfA,P25,00:15:23,"04-sihua/六、化忌 · 主劫杀、想不开/6.3 化忌主""想不开"""
T985,BV1KJsLekEfA,P3,00:26:39,04-sihua/六、化忌 · 主劫杀、想不开/6.4 化忌在六亲宫
T986,BV1KJsLekEfA,P11,00:29:42,04-sihua/六、化忌 · 主劫杀、想不开/6.4 化忌在六亲宫
T987,BV1KJsLekEfA,P9,00:36:51,04-sihua/六、化忌 · 主劫杀、想不开/6.4 化忌在六亲宫
T988,BV1KJsLekEfA,P13（留出讲）,00:12:33,04-sihua/六、化忌 · 主劫杀、想不开/6.4 化忌在六亲宫
T989,BV1KJsLekEfA,P17,00:06:09,04-sihua/六、化忌 · 主劫杀、想不开/6.4 化忌在六亲宫
T990,BV1KJsLekEfA,P17,00:25:02,04-sihua/六、化忌 · 主劫杀、想不开/6.4 化忌在六亲宫
T991,BV1KJsLekEfA,P19,00:06:30,04-sihua/六、化忌 · 主劫杀、想不开/6.4 化忌在六亲宫
T992,BV1KJsLekEfA,P19,00:09:07,04-sihua/六、化忌 · 主劫杀、想不开/6.4 化忌在六亲宫
T993,BV1KJsLekEfA,P19,00:13:54,04-sihua/六、化忌 · 主劫杀、想不开/6.4 化忌在六亲宫
T994,BV1KJsLekEfA,P19,00:14:17,04-sihua/六、化忌 · 主劫杀、想不开/6.4 化忌在六亲宫
T995,BV1KJsLekEfA,P19,00:26:47,04-sihua/六、化忌 · 主劫杀、想不开/6.4 化忌在六亲宫
T996,BV1KJsLekEfA,P19,00:51:19,04-sihua/六、化忌 · 主劫杀、想不开/6.4 化忌在六亲宫
T997,BV1KJsLekEfA,P21,00:11:31,04-sihua/六、化忌 · 主劫杀、想不开/6.4 化忌在六亲宫
T998,BV1KJsLekEfA,P21,00:11:45,04-sihua/六、化忌 · 主劫杀、想不开/6.4 化忌在六亲宫
T999,BV1KJsLekEfA,P21,00:34:26,04-sihua/六、化忌 · 主劫杀、想不开/6.4 化忌在六亲宫
T1000,BV1KJsLekEfA,P23（留出讲）,00:01:37,04-sihua/六、化忌 · 主劫杀、想不开/6.4 化忌在六亲宫
T1001,BV1KJsLekEfA,P23（留出讲）,00:38:51,04-sihua/六、化忌 · 主劫杀、想不开/6.4 化忌在六亲宫
T1002,BV1KJsLekEfA,P27,00:11:15,04-sihua/六、化忌 · 主劫杀、想不开/6.4 化忌在六亲宫
T1003,BV1KJsLekEfA,P27,00:13:30,04-sihua/六、化忌 · 主劫杀、想不开/6.4 化忌在六亲宫
T1004,BV1KJsLekEfA,P27,00:17:44,04-sihua/六、化忌 · 主劫杀、想不开/6.4 化忌在六亲宫
T1005,BV1KJsLekEfA,P27,00:20:43,04-sihua/六、化忌 · 主劫杀、想不开/6.4 化忌在六亲宫
T1006,BV1KJsLekEfA,P27,00:21:56,04-sihua/六、化忌 · 主劫杀、想不开/6.4 化忌在六亲宫
T1007,BV1KJsLekEfA,P27,00:23:40,04-sihua/六、化忌 · 主劫杀、想不开/6.4 化忌在六亲宫
T1008,BV1KJsLekEfA,P25,00:12:17,04-sihua/六、化忌 · 主劫杀、想不开/6.4 化忌在六亲宫
T1009,BV1KJsLekEfA,P25,00:13:49,04-sihua/六、化忌 · 主劫杀、想不开/6.4 化忌在六亲宫
T1010,BV1KJsLekEfA,P25,00:17:43,04-sihua/六、化忌 · 主劫杀、想不开/6.4 化忌在六亲宫
T1011,BV1KJsLekEfA,P25,00:28:55,04-sihua/六、化忌 · 主劫杀、想不开/6.4 化忌在六亲宫
T1012,BV1KJsLekEfA,P25,00:35:55,04-sihua/六、化忌 · 主劫杀、想不开/6.4 化忌在六亲宫
T1013,BV1KJsLekEfA,P25,00:38:43,04-sihua/六、化忌 · 主劫杀、想不开/6.4 化忌在六亲宫
T1014,BV1KJsLekEfA,P29,00:21:05,04-sihua/六、化忌 · 主劫杀、想不开/6.4 化忌在六亲宫
T1015,BV1KJsLekEfA,P29,00:24:24,04-sihua/六、化忌 · 主劫杀、想不开/6.4 化忌在六亲宫
T1016,BV1KJsLekEfA,P5,00:04:03,04-sihua/十、四化与相 / 阳宅（跨学科）★/天柱纹主科
T1017,BV1KJsLekEfA,P5,00:04:20,04-sihua/十、四化与相 / 阳宅（跨学科）★/天柱纹主科
T1018,BV1KJsLekEfA,P5,00:04:53,04-sihua/十、四化与相 / 阳宅（跨学科）★/天柱纹主科
T1019,BV1KJsLekEfA,P7,00:23:30,04-sihua/十、四化与相 / 阳宅（跨学科）★/天柱纹主科
T1020,BV1KJsLekEfA,P9,00:15:48,04-sihua/十、四化与相 / 阳宅（跨学科）★/天柱纹主科
T1021,BV1KJsLekEfA,P5,00:07:43,04-sihua/十、四化与相 / 阳宅（跨学科）★/颧部掌权
T1022,BV1KJsLekEfA,P5,00:08:02,04-sihua/十、四化与相 / 阳宅（跨学科）★/颧部掌权
T1023,BV1KJsLekEfA,P5,00:08:13,04-sihua/十、四化与相 / 阳宅（跨学科）★/颧部掌权
T1024,BV1KJsLekEfA,P5,00:08:34,04-sihua/十、四化与相 / 阳宅（跨学科）★/犀牛骨掌权
T1025,BV1KJsLekEfA,P5,00:08:59,04-sihua/十、四化与相 / 阳宅（跨学科）★/犀牛骨掌权
T1026,BV1KJsLekEfA,P5,00:09:01,04-sihua/十、四化与相 / 阳宅（跨学科）★/犀牛骨掌权
T1027,BV1KJsLekEfA,P5,00:09:11,04-sihua/十、四化与相 / 阳宅（跨学科）★/犀牛骨掌权
T1028,BV1KJsLekEfA,P5,00:11:54,04-sihua/十、四化与相 / 阳宅（跨学科）★/男人看鼻
T1029,BV1KJsLekEfA,P5,00:12:27,04-sihua/十、四化与相 / 阳宅（跨学科）★/男人看鼻
T1030,BV1KJsLekEfA,P5,00:12:36,04-sihua/十、四化与相 / 阳宅（跨学科）★/男人看鼻
T1031,BV1KJsLekEfA,P5,00:12:45,04-sihua/十、四化与相 / 阳宅（跨学科）★/男人看鼻
T1032,BV1KJsLekEfA,P5,00:13:06,04-sihua/十、四化与相 / 阳宅（跨学科）★/男人看鼻
T1033,BV1KJsLekEfA,P15,00:08:51,04-sihua/十、四化与相 / 阳宅（跨学科）★/男人看鼻
T1034,BV1KJsLekEfA,P15,00:09:03,04-sihua/十、四化与相 / 阳宅（跨学科）★/男人看鼻
T1035,BV1KJsLekEfA,P15,00:09:23,04-sihua/十、四化与相 / 阳宅（跨学科）★/男人看鼻
T1036,BV1KJsLekEfA,P15,00:33:50,04-sihua/十、四化与相 / 阳宅（跨学科）★/男人看鼻
T1037,BV1KJsLekEfA,P15,00:34:36,04-sihua/十、四化与相 / 阳宅（跨学科）★/男人看鼻
T1038,BV1KJsLekEfA,P17,00:03:43,04-sihua/十、四化与相 / 阳宅（跨学科）★/男人看鼻
T1039,BV1KJsLekEfA,P23（留出讲）,00:33:18,04-sihua/十、四化与相 / 阳宅（跨学科）★/男人看鼻
T1040,BV1KJsLekEfA,P23（留出讲）,00:33:47,04-sihua/十、四化与相 / 阳宅（跨学科）★/男人看鼻
T1041,BV1KJsLekEfA,P5,00:15:19,04-sihua/十、四化与相 / 阳宅（跨学科）★/五官打开非富即贵
T1042,BV1KJsLekEfA,P5,00:32:17,04-sihua/十、四化与相 / 阳宅（跨学科）★/财权看鼻颧
T1043,BV1KJsLekEfA,P5,00:32:29,04-sihua/十、四化与相 / 阳宅（跨学科）★/财权看鼻颧
T1044,BV1KJsLekEfA,P9,00:11:30,04-sihua/十、四化与相 / 阳宅（跨学科）★/财权看鼻颧
T1045,BV1KJsLekEfA,P15,00:33:35,04-sihua/十、四化与相 / 阳宅（跨学科）★/财权看鼻颧
T1046,BV1KJsLekEfA,P3,00:44:35,05-illness/⚠️ 核心方法论(重大修正)/
T1047,BV1KJsLekEfA,P3,00:45:07,05-illness/⚠️ 核心方法论(重大修正)/
T1048,BV1KJsLekEfA,P3,00:45:16,05-illness/⚠️ 核心方法论(重大修正)/
T1049,BV1KJsLekEfA,P3,00:45:32,05-illness/⚠️ 核心方法论(重大修正)/
T1050,BV1KJsLekEfA,P3,00:45:45,05-illness/⚠️ 核心方法论(重大修正)/
T1051,BV1KJsLekEfA,P3,00:47:19,05-illness/⚠️ 核心方法论(重大修正)/
T1052,BV1KJsLekEfA,P3,00:48:18,05-illness/⚠️ 核心方法论(重大修正)/
T1053,BV1KJsLekEfA,P13（留出讲）,00:29:03,05-illness/⚠️ 核心方法论(重大修正)/
T1054,BV1KJsLekEfA,P17,00:09:19,05-illness/⚠️ 核心方法论(重大修正)/
T1055,BV1KJsLekEfA,P3,00:46:31,05-illness/12 地支宫 → 脏腑(倪师子午流注歌诀版)/子宫(水)—— 胆(另说膀胱)
T1056,BV1KJsLekEfA,P19,00:36:35,05-illness/12 地支宫 → 脏腑(倪师子午流注歌诀版)/子宫(水)—— 胆(另说膀胱)
T1057,BV1KJsLekEfA,P3,00:46:31,05-illness/12 地支宫 → 脏腑(倪师子午流注歌诀版)/丑宫(土)—— 肝
T1058,BV1KJsLekEfA,P9,00:26:33,05-illness/12 地支宫 → 脏腑(倪师子午流注歌诀版)/丑宫(土)—— 肝
T1059,BV1KJsLekEfA,P3,00:46:31,05-illness/12 地支宫 → 脏腑(倪师子午流注歌诀版)/寅宫(木)—— 肺
T1060,BV1KJsLekEfA,P3,00:46:37,05-illness/12 地支宫 → 脏腑(倪师子午流注歌诀版)/卯宫(木)—— 大肠
T1061,BV1KJsLekEfA,P3,00:46:37,05-illness/12 地支宫 → 脏腑(倪师子午流注歌诀版)/辰宫(土)—— 胃
T1062,BV1KJsLekEfA,P3,00:51:38,05-illness/12 地支宫 → 脏腑(倪师子午流注歌诀版)/辰宫(土)—— 胃
T1063,BV1KJsLekEfA,P11,00:17:05,05-illness/12 地支宫 → 脏腑(倪师子午流注歌诀版)/辰宫(土)—— 胃
T1064,BV1KJsLekEfA,P21,00:31:35,05-illness/12 地支宫 → 脏腑(倪师子午流注歌诀版)/辰宫(土)—— 胃
T1065,BV1KJsLekEfA,P3,00:46:43,05-illness/12 地支宫 → 脏腑(倪师子午流注歌诀版)/巳宫(火)—— 脾
T1066,BV1KJsLekEfA,P3,00:46:43,05-illness/12 地支宫 → 脏腑(倪师子午流注歌诀版)/午宫(火)—— 心
T1067,BV1KJsLekEfA,P19,00:36:56,05-illness/12 地支宫 → 脏腑(倪师子午流注歌诀版)/午宫(火)—— 心
T1068,BV1KJsLekEfA,P3,00:46:43,05-illness/12 地支宫 → 脏腑(倪师子午流注歌诀版)/未宫(土)—— 小肠
T1069,BV1KJsLekEfA,P3,00:46:48,05-illness/12 地支宫 → 脏腑(倪师子午流注歌诀版)/申宫(金)—— 膀胱
T1070,BV1KJsLekEfA,P3,00:46:48,05-illness/12 地支宫 → 脏腑(倪师子午流注歌诀版)/酉宫(金)—— 肾
T1071,BV1KJsLekEfA,P9,00:26:22,05-illness/12 地支宫 → 脏腑(倪师子午流注歌诀版)/酉宫(金)—— 肾
T1072,BV1KJsLekEfA,P17,00:09:38,05-illness/12 地支宫 → 脏腑(倪师子午流注歌诀版)/酉宫(金)—— 肾
T1073,BV1KJsLekEfA,P3,00:46:57,05-illness/12 地支宫 → 脏腑(倪师子午流注歌诀版)/戌宫(土)—— 心包
T1074,BV1KJsLekEfA,P3,00:46:57,05-illness/12 地支宫 → 脏腑(倪师子午流注歌诀版)/亥宫(水)—— 三焦
T1075,BV1KJsLekEfA,P3,00:50:12,05-illness/头面四肢 · 身体地图/
T1076,BV1KJsLekEfA,P3,00:50:49,05-illness/头面四肢 · 身体地图/
T1077,BV1KJsLekEfA,P17,00:09:51,05-illness/头面四肢 · 身体地图/
T1078,BV1KJsLekEfA,P5,00:20:25,05-illness/望死色 / 枯萎色/
T1079,BV1KJsLekEfA,P5,00:20:53,05-illness/望死色 / 枯萎色/
T1080,BV1KJsLekEfA,P5,00:21:16,05-illness/望死色 / 枯萎色/
T1081,BV1KJsLekEfA,P7,00:44:17,05-illness/望死色 / 枯萎色/
T1082,BV1KJsLekEfA,P15,00:17:11,05-illness/望死色 / 枯萎色/
T1083,BV1KJsLekEfA,P15,00:17:31,05-illness/望死色 / 枯萎色/
T1084,BV1KJsLekEfA,P15,00:36:42,05-illness/望死色 / 枯萎色/
T1085,BV1KJsLekEfA,P15,00:50:53,05-illness/望死色 / 枯萎色/
T1086,BV1KJsLekEfA,P15,00:52:09,05-illness/望死色 / 枯萎色/
T1087,BV1KJsLekEfA,P15,00:52:38,05-illness/望死色 / 枯萎色/
T1088,BV1KJsLekEfA,P15,00:53:50,05-illness/望死色 / 枯萎色/
T1089,BV1KJsLekEfA,P15,00:54:33,05-illness/望死色 / 枯萎色/
T1090,BV1KJsLekEfA,P27,00:09:45,05-illness/望死色 / 枯萎色/
T1091,BV1KJsLekEfA,P25,00:21:26,05-illness/望死色 / 枯萎色/
T1092,BV1KJsLekEfA,P3,00:47:36,05-illness/煞星入疾厄(开刀、血光、致命伤)/总纲
T1093,BV1KJsLekEfA,P3,00:47:39,05-illness/煞星入疾厄(开刀、血光、致命伤)/总纲
T1094,BV1KJsLekEfA,P7,00:12:31,05-illness/煞星入疾厄(开刀、血光、致命伤)/总纲
T1095,BV1KJsLekEfA,P11,00:16:45,05-illness/煞星入疾厄(开刀、血光、致命伤)/总纲
T1096,BV1KJsLekEfA,P9,00:26:25,05-illness/煞星入疾厄(开刀、血光、致命伤)/总纲
T1097,BV1KJsLekEfA,P19,00:37:07,05-illness/煞星入疾厄(开刀、血光、致命伤)/总纲
T1098,BV1KJsLekEfA,P21,00:31:44,05-illness/煞星入疾厄(开刀、血光、致命伤)/总纲
T1099,BV1KJsLekEfA,P21,00:31:54,05-illness/煞星入疾厄(开刀、血光、致命伤)/总纲
T1100,BV1KJsLekEfA,P21,00:43:31,05-illness/煞星入疾厄(开刀、血光、致命伤)/总纲
T1101,BV1KJsLekEfA,P23（留出讲）,00:11:46,05-illness/煞星入疾厄(开刀、血光、致命伤)/总纲
T1102,BV1KJsLekEfA,P25,00:28:03,05-illness/煞星入疾厄(开刀、血光、致命伤)/总纲
T1103,BV1KJsLekEfA,P29,00:26:49,05-illness/煞星入疾厄(开刀、血光、致命伤)/总纲
T1104,BV1KJsLekEfA,P3,00:51:30,05-illness/化忌入疾厄 / 化忌冲疾厄/
T1105,BV1KJsLekEfA,P11,00:49:26,05-illness/化忌入疾厄 / 化忌冲疾厄/
T1106,BV1KJsLekEfA,P9,00:26:01,05-illness/化忌入疾厄 / 化忌冲疾厄/
T1107,BV1KJsLekEfA,P3,00:48:37,05-illness/疾厄 + 大限/流年 = 判病时点/
T1108,BV1KJsLekEfA,P3,00:48:53,05-illness/疾厄 + 大限/流年 = 判病时点/
T1109,BV1KJsLekEfA,P3,00:54:57,05-illness/疾厄 + 大限/流年 = 判病时点/
T1110,BV1KJsLekEfA,P5,00:55:26,05-illness/疾厄 + 大限/流年 = 判病时点/
T1111,BV1KJsLekEfA,P21,00:36:54,05-illness/疾厄 + 大限/流年 = 判病时点/
T1112,BV1KJsLekEfA,P21,00:37:23,05-illness/疾厄 + 大限/流年 = 判病时点/
T1113,BV1KJsLekEfA,P25,00:27:27,05-illness/疾厄 + 大限/流年 = 判病时点/
T1114,BV1KJsLekEfA,P3,00:47:49,05-illness/与中医结合 · 重要原则/先天 vs 后天
T1115,BV1KJsLekEfA,P11,00:17:16,05-illness/与中医结合 · 重要原则/先天 vs 后天
T1116,BV1KJsLekEfA,P11,00:17:40,05-illness/与中医结合 · 重要原则/先天 vs 后天
T1117,BV1KJsLekEfA,P11,00:17:53,05-illness/与中医结合 · 重要原则/先天 vs 后天
T1118,BV1KJsLekEfA,P9,00:50:39,05-illness/与中医结合 · 重要原则/先天 vs 后天
T1119,BV1KJsLekEfA,P15,00:14:39,05-illness/与中医结合 · 重要原则/先天 vs 后天
T1120,BV1KJsLekEfA,P15,00:15:37,05-illness/与中医结合 · 重要原则/先天 vs 后天
T1121,BV1KJsLekEfA,P3,00:48:03,05-illness/与中医结合 · 重要原则/三焦与糖尿病
T1122,BV1KJsLekEfA,P3,00:48:10,05-illness/与中医结合 · 重要原则/三焦与糖尿病
T1123,BV1KJsLekEfA,P3,00:51:10,05-illness/与中医结合 · 重要原则/女命特别提醒:妇科
T1124,BV1KJsLekEfA,P9,00:26:43,05-illness/与中医结合 · 重要原则/女命特别提醒:妇科
T1125,BV1KJsLekEfA,P23（留出讲）,00:20:54,05-illness/与中医结合 · 重要原则/女命特别提醒:妇科
T1126,BV1KJsLekEfA,P3,00:07:56,07-methodology/总体观/何谓「天纪」
T1127,BV1KJsLekEfA,P3,00:08:23,07-methodology/总体观/何谓「天纪」
T1128,BV1KJsLekEfA,P3,00:09:38,07-methodology/总体观/何谓「天纪」
T1129,BV1KJsLekEfA,P3,00:09:45,07-methodology/总体观/何谓「天纪」
T1130,BV1KJsLekEfA,P3,00:11:27,07-methodology/总体观/何谓「天纪」
T1131,BV1KJsLekEfA,P5,00:45:48,07-methodology/总体观/何谓「天纪」
T1132,BV1KJsLekEfA,P11,00:07:57,07-methodology/总体观/何谓「天纪」
T1133,BV1KJsLekEfA,P17,00:23:55,07-methodology/总体观/何谓「天纪」
T1134,BV1KJsLekEfA,P29,00:49:54,07-methodology/总体观/何谓「天纪」
T1135,BV1KJsLekEfA,P29,00:50:17,07-methodology/总体观/何谓「天纪」
T1136,BV1KJsLekEfA,P29,00:50:35,07-methodology/总体观/何谓「天纪」
T1137,BV1KJsLekEfA,P48,00:39:14,07-methodology/总体观/何谓「天纪」
T1138,BV1KJsLekEfA,P48,00:40:14,07-methodology/总体观/何谓「天纪」
T1139,BV1KJsLekEfA,P48,00:41:12,07-methodology/总体观/何谓「天纪」
T1140,BV1KJsLekEfA,P48,00:44:01,07-methodology/总体观/何谓「天纪」
T1141,BV1KJsLekEfA,P48,00:44:56,07-methodology/总体观/何谓「天纪」
T1142,BV1KJsLekEfA,P3,00:05:15,07-methodology/总体观/因果观:谈果不谈因
T1143,BV1KJsLekEfA,P3,00:05:25,07-methodology/总体观/因果观:谈果不谈因
T1144,BV1KJsLekEfA,P3,00:05:33,07-methodology/总体观/因果观:谈果不谈因
T1145,BV1KJsLekEfA,P3,00:57:41,07-methodology/总体观/因果观:谈果不谈因
T1146,BV1KJsLekEfA,P9,00:41:57,07-methodology/总体观/因果观:谈果不谈因
T1147,BV1KJsLekEfA,P15,00:23:54,07-methodology/总体观/因果观:谈果不谈因
T1148,BV1KJsLekEfA,P15,00:24:26,07-methodology/总体观/因果观:谈果不谈因
T1149,BV1KJsLekEfA,P15,00:28:03,07-methodology/总体观/因果观:谈果不谈因
T1150,BV1KJsLekEfA,P15,00:28:42,07-methodology/总体观/因果观:谈果不谈因
T1151,BV1KJsLekEfA,P15,00:29:30,07-methodology/总体观/因果观:谈果不谈因
T1152,BV1KJsLekEfA,P15,00:30:01,07-methodology/总体观/因果观:谈果不谈因
T1153,BV1KJsLekEfA,P17,00:07:22,07-methodology/总体观/因果观:谈果不谈因
T1154,BV1KJsLekEfA,P17,00:07:37,07-methodology/总体观/因果观:谈果不谈因
T1155,BV1KJsLekEfA,P17,00:14:19,07-methodology/总体观/因果观:谈果不谈因
T1156,BV1KJsLekEfA,P19,00:38:37,07-methodology/总体观/因果观:谈果不谈因
T1157,BV1KJsLekEfA,P21,00:03:11,07-methodology/总体观/因果观:谈果不谈因
T1158,BV1KJsLekEfA,P29,00:04:23,07-methodology/总体观/因果观:谈果不谈因
T1159,BV1KJsLekEfA,P10,00:41:18,07-methodology/总体观/因果观:谈果不谈因
T1160,BV1KJsLekEfA,P3,00:08:27,07-methodology/总体观/命相同参 + 天地人三分
T1161,BV1KJsLekEfA,P3,00:08:41,07-methodology/总体观/命相同参 + 天地人三分
T1162,BV1KJsLekEfA,P3,00:25:43,07-methodology/总体观/命相同参 + 天地人三分
T1163,BV1KJsLekEfA,P3,00:32:19,07-methodology/总体观/命相同参 + 天地人三分
T1164,BV1KJsLekEfA,P5,00:41:56,07-methodology/总体观/命相同参 + 天地人三分
T1165,BV1KJsLekEfA,P11,00:15:59,07-methodology/总体观/命相同参 + 天地人三分
T1166,BV1KJsLekEfA,P11,00:23:35,07-methodology/总体观/命相同参 + 天地人三分
T1167,BV1KJsLekEfA,P11,00:48:49,07-methodology/总体观/命相同参 + 天地人三分
T1168,BV1KJsLekEfA,P9,00:07:57,07-methodology/总体观/命相同参 + 天地人三分
T1169,BV1KJsLekEfA,P9,00:08:10,07-methodology/总体观/命相同参 + 天地人三分
T1170,BV1KJsLekEfA,P9,00:49:28,07-methodology/总体观/命相同参 + 天地人三分
T1171,BV1KJsLekEfA,P13（留出讲）,00:47:33,07-methodology/总体观/命相同参 + 天地人三分
T1172,BV1KJsLekEfA,P15,00:05:51,07-methodology/总体观/命相同参 + 天地人三分
T1173,BV1KJsLekEfA,P15,00:46:13,07-methodology/总体观/命相同参 + 天地人三分
T1174,BV1KJsLekEfA,P17,00:12:28,07-methodology/总体观/命相同参 + 天地人三分
T1175,BV1KJsLekEfA,P19,00:07:41,07-methodology/总体观/命相同参 + 天地人三分
T1176,BV1KJsLekEfA,P19,00:10:24,07-methodology/总体观/命相同参 + 天地人三分
T1177,BV1KJsLekEfA,P19,00:28:35,07-methodology/总体观/命相同参 + 天地人三分
T1178,BV1KJsLekEfA,P21,00:26:53,07-methodology/总体观/命相同参 + 天地人三分
T1179,BV1KJsLekEfA,P21,00:28:23,07-methodology/总体观/命相同参 + 天地人三分
T1180,BV1KJsLekEfA,P27,00:18:37,07-methodology/总体观/命相同参 + 天地人三分
T1181,BV1KJsLekEfA,P29,00:09:33,07-methodology/总体观/命相同参 + 天地人三分
T1182,BV1KJsLekEfA,P1,00:29:12,07-methodology/总体观/命相同参 + 天地人三分
T1183,BV1KJsLekEfA,P1,00:29:49,07-methodology/总体观/命相同参 + 天地人三分
T1184,BV1KJsLekEfA,P1,00:29:57,07-methodology/总体观/命相同参 + 天地人三分
T1185,BV1KJsLekEfA,P39,00:00:00,07-methodology/总体观/命相同参 + 天地人三分
T1186,BV1KJsLekEfA,P39,00:23:44,07-methodology/总体观/命相同参 + 天地人三分
T1187,BV1KJsLekEfA,P3,00:17:20,07-methodology/总体观/君子事天 / 小人事人 / 时机
T1188,BV1KJsLekEfA,P3,00:17:28,07-methodology/总体观/君子事天 / 小人事人 / 时机
T1189,BV1KJsLekEfA,P7,00:08:29,07-methodology/总体观/君子事天 / 小人事人 / 时机
T1190,BV1KJsLekEfA,P7,00:09:25,07-methodology/总体观/君子事天 / 小人事人 / 时机
T1191,BV1KJsLekEfA,P7,00:43:00,07-methodology/总体观/君子事天 / 小人事人 / 时机
T1192,BV1KJsLekEfA,P7,00:44:07,07-methodology/总体观/君子事天 / 小人事人 / 时机
T1193,BV1KJsLekEfA,P7,00:09:22,07-methodology/总体观/君子事天 / 小人事人 / 时机
T1194,BV1KJsLekEfA,P7,00:10:17,07-methodology/总体观/君子事天 / 小人事人 / 时机
T1195,BV1KJsLekEfA,P11,00:46:53,07-methodology/总体观/君子事天 / 小人事人 / 时机
T1196,BV1KJsLekEfA,P13（留出讲）,00:16:08,07-methodology/总体观/君子事天 / 小人事人 / 时机
T1197,BV1KJsLekEfA,P15,00:02:10,07-methodology/总体观/君子事天 / 小人事人 / 时机
T1198,BV1KJsLekEfA,P17,00:19:00,07-methodology/总体观/君子事天 / 小人事人 / 时机
T1199,BV1KJsLekEfA,P17,00:31:30,07-methodology/总体观/君子事天 / 小人事人 / 时机
T1200,BV1KJsLekEfA,P23（留出讲）,00:18:05,07-methodology/总体观/君子事天 / 小人事人 / 时机
T1201,BV1KJsLekEfA,P25,00:00:32,07-methodology/总体观/君子事天 / 小人事人 / 时机
T1202,BV1KJsLekEfA,P25,00:06:36,07-methodology/总体观/君子事天 / 小人事人 / 时机
T1203,BV1KJsLekEfA,P25,00:29:13,07-methodology/总体观/君子事天 / 小人事人 / 时机
T1204,BV1KJsLekEfA,P29,00:00:37,07-methodology/总体观/君子事天 / 小人事人 / 时机
T1205,BV1KJsLekEfA,P29,00:01:16,07-methodology/总体观/君子事天 / 小人事人 / 时机
T1206,BV1KJsLekEfA,P29,00:18:47,07-methodology/总体观/君子事天 / 小人事人 / 时机
T1207,BV1KJsLekEfA,P1,00:15:14,07-methodology/总体观/君子事天 / 小人事人 / 时机
T1208,BV1KJsLekEfA,P1,00:15:44,07-methodology/总体观/君子事天 / 小人事人 / 时机
T1209,BV1KJsLekEfA,P1,00:16:03,07-methodology/总体观/君子事天 / 小人事人 / 时机
T1210,BV1KJsLekEfA,P1,00:16:35,07-methodology/总体观/君子事天 / 小人事人 / 时机
T1211,BV1KJsLekEfA,P3,00:01:07,07-methodology/总体观/神 vs 形(行)
T1212,BV1KJsLekEfA,P3,00:01:22,07-methodology/总体观/神 vs 形(行)
T1213,BV1KJsLekEfA,P3,00:01:30,07-methodology/总体观/神 vs 形(行)
T1214,BV1KJsLekEfA,P3,00:02:59,07-methodology/总体观/神 vs 形(行)
T1215,BV1KJsLekEfA,P3,00:10:25,07-methodology/总体观/神 vs 形(行)
T1216,BV1KJsLekEfA,P3,00:14:47,07-methodology/总体观/神 vs 形(行)
T1217,BV1KJsLekEfA,P5,00:25:04,07-methodology/总体观/神 vs 形(行)
T1218,BV1KJsLekEfA,P5,00:25:36,07-methodology/总体观/神 vs 形(行)
T1219,BV1KJsLekEfA,P5,00:25:52,07-methodology/总体观/神 vs 形(行)
T1220,BV1KJsLekEfA,P5,00:26:30,07-methodology/总体观/神 vs 形(行)
T1221,BV1KJsLekEfA,P7,00:16:19,07-methodology/总体观/神 vs 形(行)
T1222,BV1KJsLekEfA,P11,00:55:56,07-methodology/总体观/神 vs 形(行)
T1223,BV1KJsLekEfA,P9,00:47:48,07-methodology/总体观/神 vs 形(行)
T1224,BV1KJsLekEfA,P13（留出讲）,00:11:26,07-methodology/总体观/神 vs 形(行)
T1225,BV1KJsLekEfA,P15,00:49:28,07-methodology/总体观/神 vs 形(行)
T1226,BV1KJsLekEfA,P15,00:49:54,07-methodology/总体观/神 vs 形(行)
T1227,BV1KJsLekEfA,P19,00:03:11,07-methodology/总体观/神 vs 形(行)
T1228,BV1KJsLekEfA,P19,00:08:14,07-methodology/总体观/神 vs 形(行)
T1229,BV1KJsLekEfA,P19,00:28:59,07-methodology/总体观/神 vs 形(行)
T1230,BV1KJsLekEfA,P23（留出讲）,00:37:57,07-methodology/总体观/神 vs 形(行)
T1231,BV1KJsLekEfA,P27,00:35:28,07-methodology/总体观/神 vs 形(行)
T1232,BV1KJsLekEfA,P25,00:04:25,07-methodology/总体观/神 vs 形(行)
T1233,BV1KJsLekEfA,P25,00:20:51,07-methodology/总体观/神 vs 形(行)
T1234,BV1KJsLekEfA,P3,00:03:15,07-methodology/总体观/诸术比较（铁板 / 子平 / 紫微）
T1235,BV1KJsLekEfA,P3,00:03:26,07-methodology/总体观/诸术比较（铁板 / 子平 / 紫微）
T1236,BV1KJsLekEfA,P3,00:03:45,07-methodology/总体观/诸术比较（铁板 / 子平 / 紫微）
T1237,BV1KJsLekEfA,P3,00:03:55,07-methodology/总体观/诸术比较（铁板 / 子平 / 紫微）
T1238,BV1KJsLekEfA,P3,00:04:32,07-methodology/总体观/诸术比较（铁板 / 子平 / 紫微）
T1239,BV1KJsLekEfA,P3,00:04:38,07-methodology/总体观/诸术比较（铁板 / 子平 / 紫微）
T1240,BV1KJsLekEfA,P3,00:04:47,07-methodology/总体观/诸术比较（铁板 / 子平 / 紫微）
T1241,BV1KJsLekEfA,P3,00:06:29,07-methodology/总体观/诸术比较（铁板 / 子平 / 紫微）
T1242,BV1KJsLekEfA,P3,00:07:24,07-methodology/总体观/诸术比较（铁板 / 子平 / 紫微）
T1243,BV1KJsLekEfA,P3,00:10:54,07-methodology/总体观/诸术比较（铁板 / 子平 / 紫微）
T1244,BV1KJsLekEfA,P3,00:11:02,07-methodology/总体观/诸术比较（铁板 / 子平 / 紫微）
T1245,BV1KJsLekEfA,P3,00:11:15,07-methodology/总体观/诸术比较（铁板 / 子平 / 紫微）
T1246,BV1KJsLekEfA,P7,00:26:45,07-methodology/总体观/诸术比较（铁板 / 子平 / 紫微）
T1247,BV1KJsLekEfA,P13（留出讲）,00:54:27,07-methodology/总体观/诸术比较（铁板 / 子平 / 紫微）
T1248,BV1KJsLekEfA,P25,00:43:23,07-methodology/总体观/诸术比较（铁板 / 子平 / 紫微）
T1249,BV1KJsLekEfA,P29,00:49:15,07-methodology/总体观/诸术比较（铁板 / 子平 / 紫微）
T1250,BV1KJsLekEfA,P6,00:42:52,07-methodology/总体观/诸术比较（铁板 / 子平 / 紫微）
T1251,BV1KJsLekEfA,P7,00:43:56,07-methodology/总体观/离日绝日
T1252,BV1KJsLekEfA,P7,00:45:22,07-methodology/总体观/离日绝日
T1253,BV1KJsLekEfA,P7,00:45:34,07-methodology/总体观/离日绝日
T1254,BV1KJsLekEfA,P7,00:45:40,07-methodology/总体观/离日绝日
T1255,BV1KJsLekEfA,P7,00:45:54,07-methodology/总体观/离日绝日
T1256,BV1KJsLekEfA,P3,00:01:49,07-methodology/学习方法/学而后思
T1257,BV1KJsLekEfA,P3,00:01:57,07-methodology/学习方法/学而后思
T1258,BV1KJsLekEfA,P5,00:00:17,07-methodology/学习方法/学而后思
T1259,BV1KJsLekEfA,P5,00:00:35,07-methodology/学习方法/学而后思
T1260,BV1KJsLekEfA,P5,00:15:53,07-methodology/学习方法/学而后思
T1261,BV1KJsLekEfA,P5,00:16:29,07-methodology/学习方法/学而后思
T1262,BV1KJsLekEfA,P7,00:04:30,07-methodology/学习方法/学而后思
T1263,BV1KJsLekEfA,P7,00:15:59,07-methodology/学习方法/学而后思
T1264,BV1KJsLekEfA,P11,00:06:52,07-methodology/学习方法/学而后思
T1265,BV1KJsLekEfA,P9,00:35:00,07-methodology/学习方法/学而后思
T1266,BV1KJsLekEfA,P13（留出讲）,00:14:54,07-methodology/学习方法/学而后思
T1267,BV1KJsLekEfA,P15,00:44:34,07-methodology/学习方法/学而后思
T1268,BV1KJsLekEfA,P19,00:45:01,07-methodology/学习方法/学而后思
T1269,BV1KJsLekEfA,P1,00:03:29,07-methodology/学习方法/学而后思
T1270,BV1KJsLekEfA,P1,00:04:09,07-methodology/学习方法/学而后思
T1271,BV1KJsLekEfA,P1,00:07:54,07-methodology/学习方法/学而后思
T1272,BV1KJsLekEfA,P1,00:08:07,07-methodology/学习方法/学而后思
T1273,BV1KJsLekEfA,P1,00:08:27,07-methodology/学习方法/学而后思
T1274,BV1KJsLekEfA,P1,00:35:41,07-methodology/学习方法/学而后思
T1275,BV1KJsLekEfA,P1,00:38:21,07-methodology/学习方法/学而后思
T1276,BV1KJsLekEfA,P1,00:38:54,07-methodology/学习方法/学而后思
T1277,BV1KJsLekEfA,P2,00:21:48,07-methodology/学习方法/学而后思
T1278,BV1KJsLekEfA,P2,00:53:27,07-methodology/学习方法/学而后思
T1279,BV1KJsLekEfA,P2,01:04:09,07-methodology/学习方法/学而后思
T1280,BV1KJsLekEfA,P10,00:54:59,07-methodology/学习方法/学而后思
T1281,BV1KJsLekEfA,P10,00:55:55,07-methodology/学习方法/学而后思
T1282,BV1KJsLekEfA,P10,00:57:55,07-methodology/学习方法/学而后思
T1283,BV1KJsLekEfA,P10,00:58:35,07-methodology/学习方法/学而后思
T1284,BV1KJsLekEfA,P12,00:03:49,07-methodology/学习方法/学而后思
T1285,BV1KJsLekEfA,P28,00:17:03,07-methodology/学习方法/学而后思
T1286,BV1KJsLekEfA,P34,00:19:51,07-methodology/学习方法/学而后思
T1287,BV1KJsLekEfA,P37,00:47:57,07-methodology/学习方法/学而后思
T1288,BV1KJsLekEfA,P48,00:45:52,07-methodology/学习方法/学而后思
T1296,BV1KJsLekEfA,P13（留出讲）,00:00:25,07-methodology/学习方法/学而后思
T1297,BV1KJsLekEfA,P37,00:22:28,07-methodology/学习方法/学而后思
T1298,BV1KJsLekEfA,P3,00:19:23,07-methodology/学习方法/假设验证 = 科学精神
T1299,BV1KJsLekEfA,P3,00:34:23,07-methodology/学习方法/假设验证 = 科学精神
T1300,BV1KJsLekEfA,P15,00:55:10,07-methodology/学习方法/假设验证 = 科学精神
T1301,BV1KJsLekEfA,P17,00:32:54,07-methodology/学习方法/假设验证 = 科学精神
T1302,BV1KJsLekEfA,P1,00:09:52,07-methodology/学习方法/假设验证 = 科学精神
T1303,BV1KJsLekEfA,P1,00:36:04,07-methodology/学习方法/假设验证 = 科学精神
T1304,BV1KJsLekEfA,P1,00:37:59,07-methodology/学习方法/假设验证 = 科学精神
T1305,BV1KJsLekEfA,P4,00:31:57,07-methodology/学习方法/假设验证 = 科学精神
T1306,BV1KJsLekEfA,P6,00:39:53,07-methodology/学习方法/假设验证 = 科学精神
T1307,BV1KJsLekEfA,P10,00:47:14,07-methodology/学习方法/假设验证 = 科学精神
T1308,BV1KJsLekEfA,P16,00:24:35,07-methodology/学习方法/假设验证 = 科学精神
T1311,BV1KJsLekEfA,P5,00:32:58,07-methodology/批命顺序与原则/命好不如限好
T1312,BV1KJsLekEfA,P7,00:31:19,07-methodology/批命顺序与原则/命好不如限好
T1313,BV1KJsLekEfA,P7,00:31:39,07-methodology/批命顺序与原则/命好不如限好
T1314,BV1KJsLekEfA,P7,00:31:58,07-methodology/批命顺序与原则/命好不如限好
T1315,BV1KJsLekEfA,P7,00:32:16,07-methodology/批命顺序与原则/命好不如限好
T1316,BV1KJsLekEfA,P11,00:55:13,07-methodology/批命顺序与原则/命好不如限好
T1317,BV1KJsLekEfA,P13（留出讲）,00:08:35,07-methodology/批命顺序与原则/命好不如限好
T1318,BV1KJsLekEfA,P15,00:35:27,07-methodology/批命顺序与原则/命好不如限好
T1319,BV1KJsLekEfA,P15,00:40:51,07-methodology/批命顺序与原则/命好不如限好
T1320,BV1KJsLekEfA,P17,00:38:51,07-methodology/批命顺序与原则/命好不如限好
T1321,BV1KJsLekEfA,P17,00:39:01,07-methodology/批命顺序与原则/命好不如限好
T1322,BV1KJsLekEfA,P17,00:40:22,07-methodology/批命顺序与原则/命好不如限好
T1323,BV1KJsLekEfA,P17,00:44:37,07-methodology/批命顺序与原则/命好不如限好
T1324,BV1KJsLekEfA,P17,00:45:36,07-methodology/批命顺序与原则/命好不如限好
T1325,BV1KJsLekEfA,P23（留出讲）,00:34:15,07-methodology/批命顺序与原则/命好不如限好
T1326,BV1KJsLekEfA,P27,00:01:52,07-methodology/批命顺序与原则/命好不如限好
T1327,BV1KJsLekEfA,P3,00:06:51,07-methodology/批命顺序与原则/算命的目的:画险趋吉
T1328,BV1KJsLekEfA,P3,00:16:08,07-methodology/批命顺序与原则/算命的目的:画险趋吉
T1329,BV1KJsLekEfA,P3,00:40:31,07-methodology/批命顺序与原则/算命的目的:画险趋吉
T1330,BV1KJsLekEfA,P5,00:37:51,07-methodology/批命顺序与原则/算命的目的:画险趋吉
T1331,BV1KJsLekEfA,P11,00:25:37,07-methodology/批命顺序与原则/算命的目的:画险趋吉
T1332,BV1KJsLekEfA,P11,00:31:50,07-methodology/批命顺序与原则/算命的目的:画险趋吉
T1333,BV1KJsLekEfA,P11,00:40:56,07-methodology/批命顺序与原则/算命的目的:画险趋吉
T1334,BV1KJsLekEfA,P9,00:51:04,07-methodology/批命顺序与原则/算命的目的:画险趋吉
T1335,BV1KJsLekEfA,P9,00:55:36,07-methodology/批命顺序与原则/算命的目的:画险趋吉
T1336,BV1KJsLekEfA,P13（留出讲）,00:15:11,07-methodology/批命顺序与原则/算命的目的:画险趋吉
T1337,BV1KJsLekEfA,P13（留出讲）,00:52:09,07-methodology/批命顺序与原则/算命的目的:画险趋吉
T1338,BV1KJsLekEfA,P15,00:13:30,07-methodology/批命顺序与原则/算命的目的:画险趋吉
T1339,BV1KJsLekEfA,P15,00:18:27,07-methodology/批命顺序与原则/算命的目的:画险趋吉
T1340,BV1KJsLekEfA,P15,00:21:24,07-methodology/批命顺序与原则/算命的目的:画险趋吉
T1341,BV1KJsLekEfA,P15,00:30:28,07-methodology/批命顺序与原则/算命的目的:画险趋吉
T1342,BV1KJsLekEfA,P15,00:52:32,07-methodology/批命顺序与原则/算命的目的:画险趋吉
T1343,BV1KJsLekEfA,P15,00:53:08,07-methodology/批命顺序与原则/算命的目的:画险趋吉
T1344,BV1KJsLekEfA,P15,00:53:18,07-methodology/批命顺序与原则/算命的目的:画险趋吉
T1345,BV1KJsLekEfA,P19,00:14:43,07-methodology/批命顺序与原则/算命的目的:画险趋吉
T1346,BV1KJsLekEfA,P21,00:21:37,07-methodology/批命顺序与原则/算命的目的:画险趋吉
T1347,BV1KJsLekEfA,P23（留出讲）,00:07:48,07-methodology/批命顺序与原则/算命的目的:画险趋吉
T1348,BV1KJsLekEfA,P25,00:07:03,07-methodology/批命顺序与原则/算命的目的:画险趋吉
T1349,BV1KJsLekEfA,P7,00:29:35,07-methodology/批命顺序与原则/闰月生人作下月论
T1350,BV1KJsLekEfA,P7,00:29:59,07-methodology/批命顺序与原则/早晚子时
T1351,BV1KJsLekEfA,P7,00:30:41,07-methodology/批命顺序与原则/早晚子时
T1352,BV1KJsLekEfA,P7,00:41:07,07-methodology/批命顺序与原则/流年男顺女逆
T1353,BV1KJsLekEfA,P7,00:39:38,07-methodology/批命顺序与原则/流年男顺女逆
T1354,BV1KJsLekEfA,P7,00:39:46,07-methodology/批命顺序与原则/流年男顺女逆
T1355,BV1KJsLekEfA,P7,00:41:55,07-methodology/批命顺序与原则/流年男顺女逆
T1356,BV1KJsLekEfA,P7,00:42:26,07-methodology/批命顺序与原则/流年男顺女逆
T1357,BV1KJsLekEfA,P7,00:47:41,07-methodology/批命顺序与原则/流年男顺女逆
T1358,BV1KJsLekEfA,P7,00:47:48,07-methodology/批命顺序与原则/流年男顺女逆
T1359,BV1KJsLekEfA,P9,00:38:25,07-methodology/批命顺序与原则/流年男顺女逆
T1360,BV1KJsLekEfA,P15,00:36:15,07-methodology/批命顺序与原则/流年男顺女逆
T1361,BV1KJsLekEfA,P17,00:01:56,07-methodology/批命顺序与原则/流年男顺女逆
T1362,BV1KJsLekEfA,P19,00:47:52,07-methodology/批命顺序与原则/流年男顺女逆
T1363,BV1KJsLekEfA,P23（留出讲）,00:19:23,07-methodology/批命顺序与原则/流年男顺女逆
T1364,BV1KJsLekEfA,P23（留出讲）,00:36:06,07-methodology/批命顺序与原则/流年男顺女逆
T1365,BV1KJsLekEfA,P25,00:13:07,07-methodology/批命顺序与原则/流年男顺女逆
T1366,BV1KJsLekEfA,P11,00:01:19,07-methodology/批命顺序与原则/发旋定时辰
T1367,BV1KJsLekEfA,P11,00:00:16,07-methodology/批命顺序与原则/发旋定时辰
T1368,BV1KJsLekEfA,P11,00:57:41,07-methodology/批命顺序与原则/看一个宫一定看三方四正与对面
T1369,BV1KJsLekEfA,P7,00:37:28,07-methodology/批命顺序与原则/看一个宫一定看三方四正与对面
T1370,BV1KJsLekEfA,P15,00:12:11,07-methodology/批命顺序与原则/看一个宫一定看三方四正与对面
T1371,BV1KJsLekEfA,P15,00:36:08,07-methodology/批命顺序与原则/看一个宫一定看三方四正与对面
T1372,BV1KJsLekEfA,P19,00:10:01,07-methodology/批命顺序与原则/看一个宫一定看三方四正与对面
T1373,BV1KJsLekEfA,P7,00:37:51,07-methodology/批命顺序与原则/十年为主流年为辅
T1374,BV1KJsLekEfA,P7,00:37:58,07-methodology/批命顺序与原则/十年为主流年为辅
T1375,BV1KJsLekEfA,P7,00:38:20,07-methodology/批命顺序与原则/十年为主流年为辅
T1376,BV1KJsLekEfA,P7,00:38:30,07-methodology/批命顺序与原则/十年为主流年为辅
T1377,BV1KJsLekEfA,P7,00:38:46,07-methodology/批命顺序与原则/十年为主流年为辅
T1378,BV1KJsLekEfA,P11,00:14:33,07-methodology/批命顺序与原则/十年为主流年为辅
T1379,BV1KJsLekEfA,P9,00:34:43,07-methodology/批命顺序与原则/十年为主流年为辅
T1380,BV1KJsLekEfA,P19,00:08:24,07-methodology/批命顺序与原则/十年为主流年为辅
T1381,BV1KJsLekEfA,P21,00:07:29,07-methodology/批命顺序与原则/十年为主流年为辅
T1382,BV1KJsLekEfA,P21,00:09:52,07-methodology/批命顺序与原则/十年为主流年为辅
T1383,BV1KJsLekEfA,P21,00:10:37,07-methodology/批命顺序与原则/十年为主流年为辅
T1384,BV1KJsLekEfA,P25,00:05:20,07-methodology/批命顺序与原则/十年为主流年为辅
T1385,BV1KJsLekEfA,P29,00:02:36,07-methodology/批命顺序与原则/十年为主流年为辅
T1386,BV1KJsLekEfA,P29,00:05:18,07-methodology/批命顺序与原则/十年为主流年为辅
T1387,BV1KJsLekEfA,P29,00:10:54,07-methodology/批命顺序与原则/十年为主流年为辅
T1388,BV1KJsLekEfA,P10,00:15:39,07-methodology/批命顺序与原则/十年为主流年为辅
T1389,BV1KJsLekEfA,P7,00:38:48,07-methodology/批命顺序与原则/小流年只看本宫对宫
T1390,BV1KJsLekEfA,P7,00:36:13,07-methodology/批命顺序与原则/五行局
T1391,BV1KJsLekEfA,P7,00:36:43,07-methodology/批命顺序与原则/五行局
T1392,BV1KJsLekEfA,P7,00:36:55,07-methodology/批命顺序与原则/五行局
T1393,BV1KJsLekEfA,P7,00:37:22,07-methodology/批命顺序与原则/五行局
T1394,BV1KJsLekEfA,P11,00:32:45,07-methodology/批命顺序与原则/合八字
T1395,BV1KJsLekEfA,P11,00:33:35,07-methodology/批命顺序与原则/合八字
T1396,BV1KJsLekEfA,P11,00:33:52,07-methodology/批命顺序与原则/合八字
T1397,BV1KJsLekEfA,P11,00:34:35,07-methodology/批命顺序与原则/合八字
T1398,BV1KJsLekEfA,P11,00:34:59,07-methodology/批命顺序与原则/合八字
T1399,BV1KJsLekEfA,P11,00:35:29,07-methodology/批命顺序与原则/合八字
T1400,BV1KJsLekEfA,P11,00:36:04,07-methodology/批命顺序与原则/合八字
T1401,BV1KJsLekEfA,P11,00:36:26,07-methodology/批命顺序与原则/合八字
T1402,BV1KJsLekEfA,P11,00:36:47,07-methodology/批命顺序与原则/合八字
T1403,BV1KJsLekEfA,P11,00:37:13,07-methodology/批命顺序与原则/合八字
T1404,BV1KJsLekEfA,P11,00:37:27,07-methodology/批命顺序与原则/合八字
T1405,BV1KJsLekEfA,P11,00:38:52,07-methodology/批命顺序与原则/合八字
T1406,BV1KJsLekEfA,P11,00:39:04,07-methodology/批命顺序与原则/合八字
T1407,BV1KJsLekEfA,P11,00:39:19,07-methodology/批命顺序与原则/合八字
T1408,BV1KJsLekEfA,P11,00:39:39,07-methodology/批命顺序与原则/合八字
T1409,BV1KJsLekEfA,P9,00:45:51,07-methodology/批命顺序与原则/合八字
T1410,BV1KJsLekEfA,P17,00:29:23,07-methodology/批命顺序与原则/合八字
T1411,BV1KJsLekEfA,P17,00:31:45,07-methodology/批命顺序与原则/合八字
T1412,BV1KJsLekEfA,P17,00:32:13,07-methodology/批命顺序与原则/合八字
T1413,BV1KJsLekEfA,P17,00:32:32,07-methodology/批命顺序与原则/合八字
T1414,BV1KJsLekEfA,P19,00:51:59,07-methodology/批命顺序与原则/合八字
T1415,BV1KJsLekEfA,P23（留出讲）,00:34:28,07-methodology/批命顺序与原则/合八字
T1416,BV1KJsLekEfA,P23（留出讲）,00:35:22,07-methodology/批命顺序与原则/合八字
T1417,BV1KJsLekEfA,P23（留出讲）,00:40:27,07-methodology/批命顺序与原则/合八字
T1418,BV1KJsLekEfA,P29,00:24:45,07-methodology/批命顺序与原则/合八字
T1419,BV1KJsLekEfA,P9,00:09:24,07-methodology/批命顺序与原则/迷津与流年
T1420,BV1KJsLekEfA,P9,00:17:24,07-methodology/批命顺序与原则/迷津与流年
T1421,BV1KJsLekEfA,P9,00:27:07,07-methodology/批命顺序与原则/迷津与流年
T1422,BV1KJsLekEfA,P17,00:53:35,07-methodology/批命顺序与原则/迷津与流年
T1423,BV1KJsLekEfA,P19,00:23:48,07-methodology/批命顺序与原则/迷津与流年
T1424,BV1KJsLekEfA,P23（留出讲）,00:07:40,07-methodology/批命顺序与原则/过忌
T1425,BV1KJsLekEfA,P23（留出讲）,00:20:04,07-methodology/批命顺序与原则/过忌
T1426,BV1KJsLekEfA,P23（留出讲）,00:20:20,07-methodology/批命顺序与原则/过忌
T1427,BV1KJsLekEfA,P23（留出讲）,00:20:37,07-methodology/批命顺序与原则/过忌
T1428,BV1KJsLekEfA,P23（留出讲）,00:27:44,07-methodology/批命顺序与原则/过忌
T1429,BV1KJsLekEfA,P3,00:37:09,07-methodology/关键命理观/旺夫的定义
T1430,BV1KJsLekEfA,P5,00:13:25,07-methodology/关键命理观/旺夫的定义
T1431,BV1KJsLekEfA,P9,00:21:08,07-methodology/关键命理观/旺夫的定义
T1432,BV1KJsLekEfA,P9,00:21:54,07-methodology/关键命理观/旺夫的定义
T1433,BV1KJsLekEfA,P9,00:22:07,07-methodology/关键命理观/旺夫的定义
T1434,BV1KJsLekEfA,P9,00:22:36,07-methodology/关键命理观/旺夫的定义
T1435,BV1KJsLekEfA,P9,00:23:21,07-methodology/关键命理观/旺夫的定义
T1436,BV1KJsLekEfA,P9,00:23:39,07-methodology/关键命理观/旺夫的定义
T1437,BV1KJsLekEfA,P9,00:23:48,07-methodology/关键命理观/旺夫的定义
T1438,BV1KJsLekEfA,P9,00:24:12,07-methodology/关键命理观/旺夫的定义
T1439,BV1KJsLekEfA,P9,00:21:37,07-methodology/关键命理观/旺夫的定义
T1440,BV1KJsLekEfA,P17,00:11:25,07-methodology/关键命理观/旺夫的定义
T1441,BV1KJsLekEfA,P17,00:11:37,07-methodology/关键命理观/旺夫的定义
T1442,BV1KJsLekEfA,P19,00:14:54,07-methodology/关键命理观/旺夫的定义
T1443,BV1KJsLekEfA,P25,00:11:57,07-methodology/关键命理观/旺夫的定义
T1444,BV1KJsLekEfA,P3,00:06:35,07-methodology/关键命理观/改命观:命+地+人 > 天命
T1445,BV1KJsLekEfA,P3,00:06:55,07-methodology/关键命理观/改命观:命+地+人 > 天命
T1446,BV1KJsLekEfA,P3,00:08:51,07-methodology/关键命理观/改命观:命+地+人 > 天命
T1447,BV1KJsLekEfA,P3,00:09:26,07-methodology/关键命理观/改命观:命+地+人 > 天命
T1448,BV1KJsLekEfA,P5,00:16:10,07-methodology/关键命理观/改命观:命+地+人 > 天命
T1449,BV1KJsLekEfA,P5,00:17:18,07-methodology/关键命理观/改命观:命+地+人 > 天命
T1450,BV1KJsLekEfA,P11,00:16:22,07-methodology/关键命理观/改命观:命+地+人 > 天命
T1451,BV1KJsLekEfA,P11,00:31:37,07-methodology/关键命理观/改命观:命+地+人 > 天命
T1452,BV1KJsLekEfA,P11,00:40:40,07-methodology/关键命理观/改命观:命+地+人 > 天命
T1453,BV1KJsLekEfA,P11,00:41:04,07-methodology/关键命理观/改命观:命+地+人 > 天命
T1454,BV1KJsLekEfA,P9,00:14:31,07-methodology/关键命理观/改命观:命+地+人 > 天命
T1455,BV1KJsLekEfA,P13（留出讲）,00:17:28,07-methodology/关键命理观/改命观:命+地+人 > 天命
T1456,BV1KJsLekEfA,P13（留出讲）,00:49:02,07-methodology/关键命理观/改命观:命+地+人 > 天命
T1457,BV1KJsLekEfA,P13（留出讲）,00:50:57,07-methodology/关键命理观/改命观:命+地+人 > 天命
T1458,BV1KJsLekEfA,P13（留出讲）,00:19:16,07-methodology/关键命理观/改命观:命+地+人 > 天命
T1459,BV1KJsLekEfA,P15,00:12:43,07-methodology/关键命理观/改命观:命+地+人 > 天命
T1460,BV1KJsLekEfA,P15,00:14:24,07-methodology/关键命理观/改命观:命+地+人 > 天命
T1461,BV1KJsLekEfA,P15,00:14:59,07-methodology/关键命理观/改命观:命+地+人 > 天命
T1462,BV1KJsLekEfA,P15,00:15:21,07-methodology/关键命理观/改命观:命+地+人 > 天命
T1463,BV1KJsLekEfA,P15,00:15:59,07-methodology/关键命理观/改命观:命+地+人 > 天命
T1464,BV1KJsLekEfA,P15,00:30:16,07-methodology/关键命理观/改命观:命+地+人 > 天命
T1465,BV1KJsLekEfA,P15,00:41:03,07-methodology/关键命理观/改命观:命+地+人 > 天命
T1466,BV1KJsLekEfA,P15,00:41:36,07-methodology/关键命理观/改命观:命+地+人 > 天命
T1467,BV1KJsLekEfA,P15,00:48:50,07-methodology/关键命理观/改命观:命+地+人 > 天命
T1468,BV1KJsLekEfA,P15,00:49:46,07-methodology/关键命理观/改命观:命+地+人 > 天命
T1469,BV1KJsLekEfA,P15,00:50:06,07-methodology/关键命理观/改命观:命+地+人 > 天命
T1470,BV1KJsLekEfA,P15,00:54:39,07-methodology/关键命理观/改命观:命+地+人 > 天命
T1471,BV1KJsLekEfA,P17,00:14:04,07-methodology/关键命理观/改命观:命+地+人 > 天命
T1472,BV1KJsLekEfA,P17,00:20:53,07-methodology/关键命理观/改命观:命+地+人 > 天命
T1473,BV1KJsLekEfA,P17,00:30:10,07-methodology/关键命理观/改命观:命+地+人 > 天命
T1474,BV1KJsLekEfA,P17,00:42:04,07-methodology/关键命理观/改命观:命+地+人 > 天命
T1475,BV1KJsLekEfA,P17,00:45:54,07-methodology/关键命理观/改命观:命+地+人 > 天命
T1476,BV1KJsLekEfA,P17,00:46:27,07-methodology/关键命理观/改命观:命+地+人 > 天命
T1477,BV1KJsLekEfA,P17,00:47:42,07-methodology/关键命理观/改命观:命+地+人 > 天命
T1478,BV1KJsLekEfA,P19,00:22:06,07-methodology/关键命理观/改命观:命+地+人 > 天命
T1479,BV1KJsLekEfA,P21,00:33:20,07-methodology/关键命理观/改命观:命+地+人 > 天命
T1480,BV1KJsLekEfA,P21,00:40:42,07-methodology/关键命理观/改命观:命+地+人 > 天命
T1481,BV1KJsLekEfA,P23（留出讲）,00:09:50,07-methodology/关键命理观/改命观:命+地+人 > 天命
T1482,BV1KJsLekEfA,P23（留出讲）,00:23:23,07-methodology/关键命理观/改命观:命+地+人 > 天命
T1483,BV1KJsLekEfA,P23（留出讲）,00:23:44,07-methodology/关键命理观/改命观:命+地+人 > 天命
T1484,BV1KJsLekEfA,P27,00:17:00,07-methodology/关键命理观/改命观:命+地+人 > 天命
T1485,BV1KJsLekEfA,P27,00:33:04,07-methodology/关键命理观/改命观:命+地+人 > 天命
T1486,BV1KJsLekEfA,P27,00:33:31,07-methodology/关键命理观/改命观:命+地+人 > 天命
T1487,BV1KJsLekEfA,P27,00:36:28,07-methodology/关键命理观/改命观:命+地+人 > 天命
T1488,BV1KJsLekEfA,P25,00:02:18,07-methodology/关键命理观/改命观:命+地+人 > 天命
T1489,BV1KJsLekEfA,P25,00:18:37,07-methodology/关键命理观/改命观:命+地+人 > 天命
T1490,BV1KJsLekEfA,P25,00:35:08,07-methodology/关键命理观/改命观:命+地+人 > 天命
T1491,BV1KJsLekEfA,P1,00:32:15,07-methodology/关键命理观/改命观:命+地+人 > 天命
T1492,BV1KJsLekEfA,P4,00:35:29,07-methodology/关键命理观/改命观:命+地+人 > 天命
T1493,BV1KJsLekEfA,P2,00:38:40,07-methodology/关键命理观/改命观:命+地+人 > 天命
T1494,BV1KJsLekEfA,P2,00:42:09,07-methodology/关键命理观/改命观:命+地+人 > 天命
T1495,BV1KJsLekEfA,P12,00:33:35,07-methodology/关键命理观/改命观:命+地+人 > 天命
T1497,BV1KJsLekEfA,P3,00:09:00,07-methodology/关键命理观/同时间生 vs 念不一样
T1498,BV1KJsLekEfA,P3,00:17:15,07-methodology/关键命理观/同时间生 vs 念不一样
T1499,BV1KJsLekEfA,P11,00:52:29,07-methodology/关键命理观/同时间生 vs 念不一样
T1500,BV1KJsLekEfA,P9,00:49:41,07-methodology/关键命理观/同时间生 vs 念不一样
T1501,BV1KJsLekEfA,P9,00:50:05,07-methodology/关键命理观/同时间生 vs 念不一样
T1502,BV1KJsLekEfA,P13（留出讲）,00:49:29,07-methodology/关键命理观/同时间生 vs 念不一样
T1503,BV1KJsLekEfA,P13（留出讲）,00:51:18,07-methodology/关键命理观/同时间生 vs 念不一样
T1504,BV1KJsLekEfA,P15,00:14:08,07-methodology/关键命理观/同时间生 vs 念不一样
T1505,BV1KJsLekEfA,P19,00:12:13,07-methodology/关键命理观/同时间生 vs 念不一样
T1506,BV1KJsLekEfA,P19,00:52:39,07-methodology/关键命理观/同时间生 vs 念不一样
T1507,BV1KJsLekEfA,P23（留出讲）,00:22:25,07-methodology/关键命理观/同时间生 vs 念不一样
T1508,BV1KJsLekEfA,P27,00:34:38,07-methodology/关键命理观/同时间生 vs 念不一样
T1509,BV1KJsLekEfA,P25,00:34:44,07-methodology/关键命理观/同时间生 vs 念不一样
T1510,BV1KJsLekEfA,P29,00:48:22,07-methodology/关键命理观/同时间生 vs 念不一样
T1511,BV1KJsLekEfA,P6,00:12:15,07-methodology/关键命理观/同时间生 vs 念不一样
T1512,BV1KJsLekEfA,P14,00:25:50,07-methodology/关键命理观/同时间生 vs 念不一样
T1516,BV1KJsLekEfA,P7,00:07:14,07-methodology/关键命理观/吉处藏凶 / 凶处藏吉
T1517,BV1KJsLekEfA,P7,00:07:58,07-methodology/关键命理观/吉处藏凶 / 凶处藏吉
T1518,BV1KJsLekEfA,P11,00:10:53,07-methodology/关键命理观/吉处藏凶 / 凶处藏吉
T1519,BV1KJsLekEfA,P11,00:11:09,07-methodology/关键命理观/吉处藏凶 / 凶处藏吉
T1520,BV1KJsLekEfA,P21,00:38:40,07-methodology/关键命理观/吉处藏凶 / 凶处藏吉
T1521,BV1KJsLekEfA,P27,00:00:30,07-methodology/关键命理观/吉处藏凶 / 凶处藏吉
T1522,BV1KJsLekEfA,P25,00:09:30,07-methodology/关键命理观/吉处藏凶 / 凶处藏吉
T1523,BV1KJsLekEfA,P29,00:24:06,07-methodology/关键命理观/吉处藏凶 / 凶处藏吉
T1524,BV1KJsLekEfA,P29,00:26:06,07-methodology/关键命理观/吉处藏凶 / 凶处藏吉
T1525,BV1KJsLekEfA,P19,00:11:35,07-methodology/关键命理观/女身男命
T1526,BV1KJsLekEfA,P19,00:11:53,07-methodology/关键命理观/女身男命
T1527,BV1KJsLekEfA,P21,00:22:06,07-methodology/关键命理观/女身男命
T1528,BV1KJsLekEfA,P23（留出讲）,00:04:02,07-methodology/关键命理观/女身男命
T1529,BV1KJsLekEfA,P25,00:32:04,07-methodology/关键命理观/女身男命
T1530,BV1KJsLekEfA,P25,00:41:32,07-methodology/关键命理观/女身男命
T1800,BV1KJsLekEfA,P3,00:34:54,07-methodology/给学习者的告诫(原话保留)/
T1801,BV1KJsLekEfA,P3,00:35:24,07-methodology/给学习者的告诫(原话保留)/
T1802,BV1KJsLekEfA,P3,00:39:50,07-methodology/给学习者的告诫(原话保留)/
T1803,BV1KJsLekEfA,P7,00:13:49,07-methodology/给学习者的告诫(原话保留)/
T1804,BV1KJsLekEfA,P7,00:19:25,07-methodology/给学习者的告诫(原话保留)/
T1805,BV1KJsLekEfA,P7,00:34:24,07-methodology/给学习者的告诫(原话保留)/
T1806,BV1KJsLekEfA,P7,00:34:44,07-methodology/给学习者的告诫(原话保留)/
T1807,BV1KJsLekEfA,P7,00:35:20,07-methodology/给学习者的告诫(原话保留)/
T1808,BV1KJsLekEfA,P11,00:23:44,07-methodology/给学习者的告诫(原话保留)/
T1809,BV1KJsLekEfA,P11,00:23:58,07-methodology/给学习者的告诫(原话保留)/
T1810,BV1KJsLekEfA,P11,00:53:37,07-methodology/给学习者的告诫(原话保留)/
T1811,BV1KJsLekEfA,P11,00:54:01,07-methodology/给学习者的告诫(原话保留)/
T1812,BV1KJsLekEfA,P11,00:54:38,07-methodology/给学习者的告诫(原话保留)/
T1813,BV1KJsLekEfA,P9,00:28:30,07-methodology/给学习者的告诫(原话保留)/
T1814,BV1KJsLekEfA,P9,00:28:52,07-methodology/给学习者的告诫(原话保留)/
T1815,BV1KJsLekEfA,P9,00:53:05,07-methodology/给学习者的告诫(原话保留)/
T1816,BV1KJsLekEfA,P9,00:56:53,07-methodology/给学习者的告诫(原话保留)/
T1817,BV1KJsLekEfA,P13（留出讲）,00:04:54,07-methodology/给学习者的告诫(原话保留)/
T1818,BV1KJsLekEfA,P13（留出讲）,00:09:06,07-methodology/给学习者的告诫(原话保留)/
T1819,BV1KJsLekEfA,P13（留出讲）,00:11:13,07-methodology/给学习者的告诫(原话保留)/
T1820,BV1KJsLekEfA,P13（留出讲）,00:11:57,07-methodology/给学习者的告诫(原话保留)/
T1821,BV1KJsLekEfA,P13（留出讲）,00:18:42,07-methodology/给学习者的告诫(原话保留)/
T1822,BV1KJsLekEfA,P13（留出讲）,00:21:21,07-methodology/给学习者的告诫(原话保留)/
T1823,BV1KJsLekEfA,P13（留出讲）,00:27:09,07-methodology/给学习者的告诫(原话保留)/
T1824,BV1KJsLekEfA,P13（留出讲）,00:45:19,07-methodology/给学习者的告诫(原话保留)/
T1825,BV1KJsLekEfA,P13（留出讲）,00:09:25,07-methodology/给学习者的告诫(原话保留)/
T1826,BV1KJsLekEfA,P13（留出讲）,00:18:19,07-methodology/给学习者的告诫(原话保留)/
T1827,BV1KJsLekEfA,P15,00:16:26,07-methodology/给学习者的告诫(原话保留)/
T1828,BV1KJsLekEfA,P15,00:19:21,07-methodology/给学习者的告诫(原话保留)/
T1829,BV1KJsLekEfA,P15,00:25:34,07-methodology/给学习者的告诫(原话保留)/
T1830,BV1KJsLekEfA,P15,00:26:23,07-methodology/给学习者的告诫(原话保留)/
T1831,BV1KJsLekEfA,P15,00:29:15,07-methodology/给学习者的告诫(原话保留)/
T1832,BV1KJsLekEfA,P15,00:31:20,07-methodology/给学习者的告诫(原话保留)/
T1833,BV1KJsLekEfA,P15,00:41:57,07-methodology/给学习者的告诫(原话保留)/
T1834,BV1KJsLekEfA,P17,00:03:10,07-methodology/给学习者的告诫(原话保留)/
T1835,BV1KJsLekEfA,P17,00:07:00,07-methodology/给学习者的告诫(原话保留)/
T1836,BV1KJsLekEfA,P17,00:14:37,07-methodology/给学习者的告诫(原话保留)/
T1837,BV1KJsLekEfA,P17,00:14:54,07-methodology/给学习者的告诫(原话保留)/
T1838,BV1KJsLekEfA,P17,00:17:00,07-methodology/给学习者的告诫(原话保留)/
T1839,BV1KJsLekEfA,P17,00:17:15,07-methodology/给学习者的告诫(原话保留)/
T1840,BV1KJsLekEfA,P17,00:17:39,07-methodology/给学习者的告诫(原话保留)/
T1841,BV1KJsLekEfA,P17,00:17:52,07-methodology/给学习者的告诫(原话保留)/
T1842,BV1KJsLekEfA,P17,00:19:41,07-methodology/给学习者的告诫(原话保留)/
T1843,BV1KJsLekEfA,P17,00:28:50,07-methodology/给学习者的告诫(原话保留)/
T1844,BV1KJsLekEfA,P17,00:30:38,07-methodology/给学习者的告诫(原话保留)/
T1845,BV1KJsLekEfA,P17,00:43:50,07-methodology/给学习者的告诫(原话保留)/
T1846,BV1KJsLekEfA,P19,00:07:57,07-methodology/给学习者的告诫(原话保留)/
T1847,BV1KJsLekEfA,P19,00:15:14,07-methodology/给学习者的告诫(原话保留)/
T1848,BV1KJsLekEfA,P19,00:19:37,07-methodology/给学习者的告诫(原话保留)/
T1849,BV1KJsLekEfA,P19,00:19:59,07-methodology/给学习者的告诫(原话保留)/
T1850,BV1KJsLekEfA,P19,00:22:32,07-methodology/给学习者的告诫(原话保留)/
T1851,BV1KJsLekEfA,P19,00:48:23,07-methodology/给学习者的告诫(原话保留)/
T1852,BV1KJsLekEfA,P19,00:53:58,07-methodology/给学习者的告诫(原话保留)/
T1853,BV1KJsLekEfA,P19,00:55:45,07-methodology/给学习者的告诫(原话保留)/
T1854,BV1KJsLekEfA,P19,00:55:59,07-methodology/给学习者的告诫(原话保留)/
T1855,BV1KJsLekEfA,P23（留出讲）,00:27:05,07-methodology/给学习者的告诫(原话保留)/
T1856,BV1KJsLekEfA,P27,00:12:48,07-methodology/给学习者的告诫(原话保留)/
T1857,BV1KJsLekEfA,P27,00:14:07,07-methodology/给学习者的告诫(原话保留)/
T1858,BV1KJsLekEfA,P27,00:17:11,07-methodology/给学习者的告诫(原话保留)/
T1859,BV1KJsLekEfA,P27,00:29:42,07-methodology/给学习者的告诫(原话保留)/
T1860,BV1KJsLekEfA,P25,00:25:40,07-methodology/给学习者的告诫(原话保留)/
T1861,BV1KJsLekEfA,P25,00:37:17,07-methodology/给学习者的告诫(原话保留)/
T1862,BV1KJsLekEfA,P25,00:37:38,07-methodology/给学习者的告诫(原话保留)/
T1863,BV1KJsLekEfA,P29,00:19:23,07-methodology/给学习者的告诫(原话保留)/
T1864,BV1KJsLekEfA,P1,00:03:14,07-methodology/给学习者的告诫(原话保留)/
T1865,BV1KJsLekEfA,P1,00:34:31,07-methodology/给学习者的告诫(原话保留)/
T1866,BV1KJsLekEfA,P1,00:36:35,07-methodology/给学习者的告诫(原话保留)/
T1867,BV1KJsLekEfA,P2,00:07:46,07-methodology/给学习者的告诫(原话保留)/
T1868,BV1KJsLekEfA,P2,00:15:21,07-methodology/给学习者的告诫(原话保留)/
T1869,BV1KJsLekEfA,P2,00:20:27,07-methodology/给学习者的告诫(原话保留)/
T1870,BV1KJsLekEfA,P2,01:03:11,07-methodology/给学习者的告诫(原话保留)/
T1871,BV1KJsLekEfA,P6,00:39:35,07-methodology/给学习者的告诫(原话保留)/
T1872,BV1KJsLekEfA,P6,00:48:49,07-methodology/给学习者的告诫(原话保留)/
T1873,BV1KJsLekEfA,P10,00:41:27,07-methodology/给学习者的告诫(原话保留)/
T1874,BV1KJsLekEfA,P10,00:54:16,07-methodology/给学习者的告诫(原话保留)/
T1875,BV1KJsLekEfA,P37,00:44:01,07-methodology/给学习者的告诫(原话保留)/
